Direction,car,motorbike,bus,truck
U,p
2,0,2,2,/,1,2,/,1,1, ,0,8,:,5,9,:,5,6,"
"
0,0,0,0
0,0,0,0
0,0,0,0
0,0,0,0
2,0,2,2,/,1,2,/,1,1, ,0,8,:,5,9,:,5,6,"
"
0,0,0,0
0,0,0,0
0,0,0,0
0,0,0,0
2,0,2,2,/,1,2,/,1,1, ,0,8,:,5,9,:,5,6,"
"
0,0,0,0
0,0,0,0
0,0,0,0
0,0,0,0
2,0,2,2,/,1,2,/,1,1, ,0,8,:,5,9,:,5,6,"
"
0,0,0,0
0,0,0,0
0,0,0,0
0,0,0,0
2,0,2,2,/,1,2,/,1,1, ,0,8,:,5,9,:,5,6,"
"
0,0,0,0
0,0,0,0
0,0,0,0
0,0,0,0
2,0,2,2,/,1,2,/,1,1, ,0,8,:,5,9,:,5,6,"
"
0,0,0,0
0,0,0,0
0,0,0,0
0,0,0,0
2,0,2,2,/,1,2,/,1,1, ,0,8,:,5,9,:,5,6,"
"
0,0,0,0
0,0,0,0
0,0,0,0
0,0,0,0
2,0,2,2,/,1,2,/,1,1, ,0,8,:,5,9,:,5,6,"
"
0,0,0,0
0,0,0,0
0,0,0,0
0,0,0,0
2,0,2,2,/,1,2,/,1,1, ,0,8,:,5,9,:,5,6,"
"
0,0,0,0
0,0,0,0
0,0,0,0
0,0,0,0
2,0,2,2,/,1,2,/,1,1, ,0,8,:,5,9,:,5,6,"
"
0,0,0,0
0,0,0,0
0,0,0,0
0,0,0,0
2,0,2,2,/,1,2,/,1,1, ,0,8,:,5,9,:,5,6,"
"
0,0,0,0
0,0,0,0
0,0,0,0
0,0,0,0
2,0,2,2,/,1,2,/,1,1, ,0,8,:,5,9,:,5,6,"
"
0,0,0,0
0,0,0,0
0,0,0,0
0,0,0,0
2,0,2,2,/,1,2,/,1,1, ,0,8,:,5,9,:,5,6,"
"
0,0,0,0
0,0,0,0
0,0,0,0
0,0,0,0
2,0,2,2,/,1,2,/,1,1, ,0,8,:,5,9,:,5,6,"
"
0,0,0,0
0,0,0,0
0,0,0,0
0,0,0,0
2,0,2,2,/,1,2,/,1,1, ,0,8,:,5,9,:,5,6,"
"
0,0,0,0
0,0,0,0
0,0,0,0
0,0,0,0
2,0,2,2,/,1,2,/,1,1, ,0,8,:,5,9,:,5,6,"
"
0,0,0,0
0,0,0,0
0,0,0,0
0,0,0,0
2,0,2,2,/,1,2,/,1,1, ,0,8,:,5,9,:,5,6,"
"
0,0,0,0
0,0,0,0
0,0,0,0
0,0,0,0
2,0,2,2,/,1,2,/,1,1, ,0,8,:,5,9,:,5,6,"
"
0,0,0,0
0,0,0,0
0,0,0,0
0,0,0,0
2,0,2,2,/,1,2,/,1,1, ,0,8,:,5,9,:,5,6,"
"
0,0,0,0
0,0,0,0
0,0,0,0
0,0,0,0
2,0,2,2,/,1,2,/,1,1, ,0,8,:,5,9,:,5,6,"
"
0,0,0,0
0,0,0,0
0,0,0,0
0,0,0,0
2,0,2,2,/,1,2,/,1,1, ,0,8,:,5,9,:,5,6,"
"
0,0,0,0
0,0,0,0
0,0,0,0
0,0,0,0
2,0,2,2,/,1,2,/,1,1, ,0,8,:,5,9,:,5,6,"
"
0,0,0,0
0,0,0,0
0,0,0,0
0,0,0,0
2,0,2,2,/,1,2,/,1,1, ,0,8,:,5,9,:,5,6,"
"
0,0,0,0
0,0,0,0
0,0,0,0
0,0,0,0
2,0,2,2,/,1,2,/,1,1, ,0,8,:,5,9,:,5,6,"
"
0,0,0,0
0,0,0,0
0,0,0,0
0,0,0,0
2,0,2,2,/,1,2,/,1,1, ,0,8,:,5,9,:,5,7,"
"
0,0,0,0
0,0,0,0
0,0,0,0
0,0,0,0
2,0,2,2,/,1,2,/,1,1, ,0,8,:,5,9,:,5,7,"
"
0,0,0,0
0,0,0,0
0,0,0,0
0,0,0,0
2,0,2,2,/,1,2,/,1,1, ,0,8,:,5,9,:,5,7,"
"
0,0,0,0
0,0,0,0
0,0,0,0
0,0,0,0
2,0,2,2,/,1,2,/,1,1, ,0,8,:,5,9,:,5,7,"
"
0,0,0,0
0,0,0,0
0,0,0,0
0,0,0,0
2,0,2,2,/,1,2,/,1,1, ,0,8,:,5,9,:,5,7,"
"
0,0,0,0
0,0,0,0
0,0,0,0
0,0,0,0
2,0,2,2,/,1,2,/,1,1, ,0,8,:,5,9,:,5,7,"
"
0,0,0,0
0,0,0,0
0,0,0,0
0,0,0,0
2,0,2,2,/,1,2,/,1,1, ,0,8,:,5,9,:,5,7,"
"
0,0,0,0
0,0,0,0
0,0,0,0
0,0,0,0
2,0,2,2,/,1,2,/,1,1, ,0,8,:,5,9,:,5,7,"
"
0,0,0,0
0,0,0,0
0,0,0,0
0,0,0,0
2,0,2,2,/,1,2,/,1,1, ,0,8,:,5,9,:,5,7,"
"
0,0,0,0
0,0,0,0
0,0,0,0
0,0,0,0
2,0,2,2,/,1,2,/,1,1, ,0,8,:,5,9,:,5,7,"
"
0,0,0,0
0,0,0,0
0,0,0,0
0,0,0,0
2,0,2,2,/,1,2,/,1,1, ,0,8,:,5,9,:,5,7,"
"
0,0,0,0
0,0,0,0
0,0,0,0
0,0,0,0
2,0,2,2,/,1,2,/,1,1, ,0,8,:,5,9,:,5,7,"
"
0,0,0,0
0,0,0,0
0,0,0,0
0,0,0,0
2,0,2,2,/,1,2,/,1,1, ,0,8,:,5,9,:,5,7,"
"
0,0,0,0
0,0,0,0
0,0,0,0
0,0,0,0
2,0,2,2,/,1,2,/,1,1, ,0,8,:,5,9,:,5,7,"
"
0,0,0,0
0,0,0,0
0,0,0,0
0,0,0,0
2,0,2,2,/,1,2,/,1,1, ,0,8,:,5,9,:,5,7,"
"
0,0,0,0
0,0,0,0
0,0,0,0
0,0,0,0
2,0,2,2,/,1,2,/,1,1, ,0,8,:,5,9,:,5,7,"
"
0,0,0,0
0,0,0,0
0,0,0,0
0,0,0,0
2,0,2,2,/,1,2,/,1,1, ,0,8,:,5,9,:,5,7,"
"
0,0,0,0
0,0,0,0
0,0,0,0
0,0,0,0
2,0,2,2,/,1,2,/,1,1, ,0,8,:,5,9,:,5,7,"
"
0,0,0,0
0,0,0,0
0,0,0,0
0,0,0,0
2,0,2,2,/,1,2,/,1,1, ,0,8,:,5,9,:,5,7,"
"
0,0,0,0
0,0,0,0
0,0,0,0
0,0,0,0
2,0,2,2,/,1,2,/,1,1, ,0,8,:,5,9,:,5,7,"
"
0,0,0,0
0,0,0,0
0,0,0,0
0,0,0,0
2,0,2,2,/,1,2,/,1,1, ,0,8,:,5,9,:,5,7,"
"
0,0,0,0
0,0,0,0
0,0,0,0
0,0,0,0
2,0,2,2,/,1,2,/,1,1, ,0,8,:,5,9,:,5,7,"
"
0,0,0,0
0,0,0,0
0,0,0,0
0,0,0,0
2,0,2,2,/,1,2,/,1,1, ,0,8,:,5,9,:,5,7,"
"
0,0,0,0
0,0,0,0
0,0,0,0
0,0,0,0
2,0,2,2,/,1,2,/,1,1, ,0,8,:,5,9,:,5,7,"
"
0,0,0,0
0,0,0,0
0,0,0,0
0,0,0,0
2,0,2,2,/,1,2,/,1,1, ,0,8,:,5,9,:,5,7,"
"
0,0,0,0
0,0,0,0
0,0,0,0
0,0,0,0
2,0,2,2,/,1,2,/,1,1, ,0,8,:,5,9,:,5,8,"
"
0,0,0,0
0,0,0,0
0,0,0,0
0,0,0,0
2,0,2,2,/,1,2,/,1,1, ,0,8,:,5,9,:,5,8,"
"
0,0,0,0
0,0,0,0
0,0,0,0
0,0,0,0
2,0,2,2,/,1,2,/,1,1, ,0,8,:,5,9,:,5,8,"
"
0,0,0,0
0,0,0,0
0,0,0,0
0,0,0,0
2,0,2,2,/,1,2,/,1,1, ,0,8,:,5,9,:,5,8,"
"
0,0,0,0
1,0,0,0
0,0,0,0
0,0,0,0
2,0,2,2,/,1,2,/,1,1, ,0,8,:,5,9,:,5,8,"
"
0,0,0,0
1,0,0,0
0,0,0,0
0,0,0,0
2,0,2,2,/,1,2,/,1,1, ,0,8,:,5,9,:,5,8,"
"
0,0,0,0
1,0,0,0
0,0,0,0
0,0,0,0
2,0,2,2,/,1,2,/,1,1, ,0,8,:,5,9,:,5,8,"
"
0,0,0,0
1,1,0,0
0,0,0,0
0,0,0,0
2,0,2,2,/,1,2,/,1,1, ,0,8,:,5,9,:,5,8,"
"
0,0,0,0
1,1,0,0
0,0,0,0
0,0,0,0
2,0,2,2,/,1,2,/,1,1, ,0,8,:,5,9,:,5,8,"
"
0,0,0,0
1,1,0,0
0,0,0,0
0,0,0,0
2,0,2,2,/,1,2,/,1,1, ,0,8,:,5,9,:,5,8,"
"
0,0,0,0
1,1,0,0
0,0,0,0
0,0,0,0
2,0,2,2,/,1,2,/,1,1, ,0,8,:,5,9,:,5,8,"
"
0,0,0,0
1,1,0,0
0,0,0,0
0,0,0,0
2,0,2,2,/,1,2,/,1,1, ,0,8,:,5,9,:,5,8,"
"
0,0,0,0
1,1,0,0
0,0,0,0
0,0,0,0
2,0,2,2,/,1,2,/,1,1, ,0,8,:,5,9,:,5,8,"
"
0,0,0,0
1,1,0,0
0,0,0,0
0,0,0,0
2,0,2,2,/,1,2,/,1,1, ,0,8,:,5,9,:,5,8,"
"
0,0,0,0
1,1,0,0
0,0,0,0
0,0,0,0
2,0,2,2,/,1,2,/,1,1, ,0,8,:,5,9,:,5,8,"
"
0,0,0,0
1,1,0,0
0,0,0,0
0,0,0,0
2,0,2,2,/,1,2,/,1,1, ,0,8,:,5,9,:,5,8,"
"
0,0,0,0
1,1,0,0
0,0,0,0
0,0,0,0
2,0,2,2,/,1,2,/,1,1, ,0,8,:,5,9,:,5,8,"
"
0,0,0,0
1,1,0,0
0,0,0,0
0,0,0,0
2,0,2,2,/,1,2,/,1,1, ,0,8,:,5,9,:,5,8,"
"
0,0,0,0
1,1,0,0
0,0,0,0
0,0,0,0
2,0,2,2,/,1,2,/,1,1, ,0,8,:,5,9,:,5,8,"
"
0,0,0,0
1,1,0,0
0,0,0,0
0,0,0,0
2,0,2,2,/,1,2,/,1,1, ,0,8,:,5,9,:,5,8,"
"
0,0,0,0
1,1,0,0
0,0,0,0
0,0,0,0
2,0,2,2,/,1,2,/,1,1, ,0,8,:,5,9,:,5,8,"
"
0,0,0,0
1,1,0,0
0,0,0,0
0,0,0,0
2,0,2,2,/,1,2,/,1,1, ,0,8,:,5,9,:,5,8,"
"
0,0,0,0
1,1,0,0
0,0,0,0
0,0,0,0
2,0,2,2,/,1,2,/,1,1, ,0,8,:,5,9,:,5,8,"
"
0,0,0,0
1,1,0,0
0,0,0,0
0,0,0,0
2,0,2,2,/,1,2,/,1,1, ,0,8,:,5,9,:,5,8,"
"
0,0,0,0
1,1,0,0
0,0,0,0
0,0,0,0
2,0,2,2,/,1,2,/,1,1, ,0,8,:,5,9,:,5,8,"
"
0,0,0,0
1,1,0,0
0,0,0,0
0,0,0,0
2,0,2,2,/,1,2,/,1,1, ,0,8,:,5,9,:,5,9,"
"
0,0,0,0
1,1,0,0
0,0,0,0
0,0,0,0
2,0,2,2,/,1,2,/,1,1, ,0,8,:,5,9,:,5,9,"
"
0,0,0,0
1,1,0,0
0,0,0,0
0,0,0,0
2,0,2,2,/,1,2,/,1,1, ,0,8,:,5,9,:,5,9,"
"
0,0,0,0
1,1,0,0
0,0,0,0
0,0,0,0
2,0,2,2,/,1,2,/,1,1, ,0,8,:,5,9,:,5,9,"
"
0,0,0,0
1,1,0,0
0,0,0,0
0,0,0,0
2,0,2,2,/,1,2,/,1,1, ,0,8,:,5,9,:,5,9,"
"
0,0,0,0
1,1,0,0
0,0,0,0
0,0,0,0
2,0,2,2,/,1,2,/,1,1, ,0,8,:,5,9,:,5,9,"
"
0,0,0,0
1,1,0,0
0,0,0,0
0,0,0,0
2,0,2,2,/,1,2,/,1,1, ,0,8,:,5,9,:,5,9,"
"
0,0,0,0
1,1,0,0
0,0,0,0
0,0,0,0
2,0,2,2,/,1,2,/,1,1, ,0,8,:,5,9,:,5,9,"
"
0,0,0,0
1,1,0,0
0,0,0,0
0,0,0,0
2,0,2,2,/,1,2,/,1,1, ,0,8,:,5,9,:,5,9,"
"
0,0,0,0
1,1,0,0
0,0,0,0
0,0,0,0
2,0,2,2,/,1,2,/,1,1, ,0,8,:,5,9,:,5,9,"
"
0,0,0,0
1,1,0,0
0,0,0,0
0,0,0,0
2,0,2,2,/,1,2,/,1,1, ,0,8,:,5,9,:,5,9,"
"
0,0,0,0
1,1,0,0
0,0,0,0
0,0,0,0
2,0,2,2,/,1,2,/,1,1, ,0,8,:,5,9,:,5,9,"
"
0,0,0,0
1,1,0,0
0,0,0,0
0,0,0,0
2,0,2,2,/,1,2,/,1,1, ,0,8,:,5,9,:,5,9,"
"
0,0,0,0
1,1,0,0
0,0,0,0
0,0,0,0
2,0,2,2,/,1,2,/,1,1, ,0,8,:,5,9,:,5,9,"
"
0,0,0,0
1,1,0,0
0,0,0,0
0,0,0,0
2,0,2,2,/,1,2,/,1,1, ,0,8,:,5,9,:,5,9,"
"
0,0,0,0
1,1,0,0
0,0,0,0
0,0,0,0
2,0,2,2,/,1,2,/,1,1, ,0,8,:,5,9,:,5,9,"
"
0,0,0,0
1,1,0,0
0,0,0,0
0,0,0,0
2,0,2,2,/,1,2,/,1,1, ,0,8,:,5,9,:,5,9,"
"
0,0,0,0
1,1,0,0
0,0,0,0
0,0,0,0
2,0,2,2,/,1,2,/,1,1, ,0,8,:,5,9,:,5,9,"
"
0,0,0,0
1,1,0,0
0,0,0,0
0,0,0,0
2,0,2,2,/,1,2,/,1,1, ,0,8,:,5,9,:,5,9,"
"
0,0,0,0
1,1,0,0
0,0,0,0
0,0,0,0
2,0,2,2,/,1,2,/,1,1, ,0,8,:,5,9,:,5,9,"
"
0,0,0,0
1,1,0,0
0,0,0,0
0,0,0,0
2,0,2,2,/,1,2,/,1,1, ,0,8,:,5,9,:,5,9,"
"
0,0,0,0
1,1,0,0
0,0,0,0
0,0,0,0
2,0,2,2,/,1,2,/,1,1, ,0,8,:,5,9,:,5,9,"
"
0,0,0,0
1,1,0,0
0,0,0,0
0,0,0,0
2,0,2,2,/,1,2,/,1,1, ,0,8,:,5,9,:,5,9,"
"
0,0,0,0
1,1,0,0
0,0,0,0
0,0,0,0
2,0,2,2,/,1,2,/,1,1, ,0,8,:,5,9,:,5,9,"
"
0,0,0,0
1,1,0,0
0,0,0,0
0,0,0,0
2,0,2,2,/,1,2,/,1,1, ,0,8,:,5,9,:,5,9,"
"
0,0,0,0
1,1,0,0
0,0,0,0
0,0,0,0
2,0,2,2,/,1,2,/,1,1, ,0,9,:,0,0,:,0,0,"
"
0,0,0,0
1,1,0,0
0,0,0,0
0,0,0,0
2,0,2,2,/,1,2,/,1,1, ,0,9,:,0,0,:,0,0,"
"
0,0,0,0
1,1,0,0
0,0,0,0
0,0,0,0
2,0,2,2,/,1,2,/,1,1, ,0,9,:,0,0,:,0,0,"
"
0,0,0,0
1,1,0,0
0,0,0,0
0,0,0,0
2,0,2,2,/,1,2,/,1,1, ,0,9,:,0,0,:,0,0,"
"
0,0,0,0
1,1,0,0
0,0,0,0
0,0,0,0
2,0,2,2,/,1,2,/,1,1, ,0,9,:,0,0,:,0,0,"
"
0,0,0,0
1,1,0,0
0,0,0,0
0,0,0,0
2,0,2,2,/,1,2,/,1,1, ,0,9,:,0,0,:,0,0,"
"
0,0,0,0
1,1,0,0
0,0,0,0
0,0,0,0
2,0,2,2,/,1,2,/,1,1, ,0,9,:,0,0,:,0,0,"
"
0,0,0,0
1,1,0,0
0,0,0,0
0,0,0,0
2,0,2,2,/,1,2,/,1,1, ,0,9,:,0,0,:,0,0,"
"
0,0,0,0
1,1,0,0
0,0,0,0
0,0,0,0
2,0,2,2,/,1,2,/,1,1, ,0,9,:,0,0,:,0,0,"
"
0,0,0,0
1,1,0,0
0,0,0,0
0,0,0,0
2,0,2,2,/,1,2,/,1,1, ,0,9,:,0,0,:,0,0,"
"
0,0,0,0
1,1,0,0
0,0,0,0
0,0,0,0
2,0,2,2,/,1,2,/,1,1, ,0,9,:,0,0,:,0,0,"
"
0,0,0,0
1,1,0,0
0,0,0,0
0,0,0,0
2,0,2,2,/,1,2,/,1,1, ,0,9,:,0,0,:,0,0,"
"
0,0,0,0
1,1,0,0
0,0,0,0
0,0,0,0
2,0,2,2,/,1,2,/,1,1, ,0,9,:,0,0,:,0,0,"
"
0,0,0,0
1,1,0,0
0,0,0,0
0,0,0,0
2,0,2,2,/,1,2,/,1,1, ,0,9,:,0,0,:,0,0,"
"
0,0,0,0
1,1,0,0
0,0,0,0
0,0,0,0
2,0,2,2,/,1,2,/,1,1, ,0,9,:,0,0,:,0,0,"
"
0,0,0,0
1,1,0,0
0,0,0,0
0,0,0,0
2,0,2,2,/,1,2,/,1,1, ,0,9,:,0,0,:,0,0,"
"
0,0,0,0
1,1,0,0
0,0,0,0
0,0,0,0
2,0,2,2,/,1,2,/,1,1, ,0,9,:,0,0,:,0,0,"
"
0,0,0,0
1,1,0,0
0,0,0,0
0,0,0,0
2,0,2,2,/,1,2,/,1,1, ,0,9,:,0,0,:,0,0,"
"
0,0,0,0
1,1,0,0
0,0,0,0
0,0,0,0
2,0,2,2,/,1,2,/,1,1, ,0,9,:,0,0,:,0,0,"
"
0,0,0,0
1,1,0,0
0,0,0,0
0,0,0,0
2,0,2,2,/,1,2,/,1,1, ,0,9,:,0,0,:,0,0,"
"
0,0,0,0
1,1,0,0
0,0,0,0
0,0,0,0
2,0,2,2,/,1,2,/,1,1, ,0,9,:,0,0,:,0,0,"
"
0,0,0,0
1,1,0,0
0,0,0,0
0,0,0,0
2,0,2,2,/,1,2,/,1,1, ,0,9,:,0,0,:,0,0,"
"
0,0,0,0
1,1,0,0
0,0,0,0
0,0,0,0
2,0,2,2,/,1,2,/,1,1, ,0,9,:,0,0,:,0,0,"
"
0,0,0,0
1,1,0,0
0,0,0,0
0,0,0,0
2,0,2,2,/,1,2,/,1,1, ,0,9,:,0,0,:,0,0,"
"
0,0,0,0
1,1,0,0
0,0,0,0
0,0,0,0
2,0,2,2,/,1,2,/,1,1, ,0,9,:,0,0,:,0,0,"
"
0,0,0,0
1,1,0,0
0,0,0,0
0,0,0,0
2,0,2,2,/,1,2,/,1,1, ,0,9,:,0,0,:,0,1,"
"
0,0,0,0
1,1,0,0
0,0,0,0
0,0,0,0
2,0,2,2,/,1,2,/,1,1, ,0,9,:,0,0,:,0,1,"
"
0,0,0,0
1,1,0,0
0,0,0,0
0,0,0,0
2,0,2,2,/,1,2,/,1,1, ,0,9,:,0,0,:,0,1,"
"
0,0,0,0
1,1,0,0
0,0,0,0
0,0,0,0
2,0,2,2,/,1,2,/,1,1, ,0,9,:,0,0,:,0,1,"
"
0,0,0,0
1,1,0,0
0,0,0,0
0,0,0,0
2,0,2,2,/,1,2,/,1,1, ,0,9,:,0,0,:,0,1,"
"
0,0,0,0
1,1,0,0
0,0,0,0
0,0,0,0
2,0,2,2,/,1,2,/,1,1, ,0,9,:,0,0,:,0,1,"
"
0,0,0,0
1,1,0,0
0,0,0,0
0,0,0,0
2,0,2,2,/,1,2,/,1,1, ,0,9,:,0,0,:,0,1,"
"
0,0,0,0
1,1,0,0
0,0,0,0
0,0,0,0
2,0,2,2,/,1,2,/,1,1, ,0,9,:,0,0,:,0,1,"
"
0,0,0,0
1,1,0,0
0,0,0,0
0,0,0,0
2,0,2,2,/,1,2,/,1,1, ,0,9,:,0,0,:,0,1,"
"
0,0,0,0
1,1,0,0
0,0,0,0
0,0,0,0
2,0,2,2,/,1,2,/,1,1, ,0,9,:,0,0,:,0,1,"
"
0,0,0,0
1,1,0,0
0,0,0,0
0,0,0,0
2,0,2,2,/,1,2,/,1,1, ,0,9,:,0,0,:,0,1,"
"
0,0,0,0
1,1,0,0
0,0,0,0
0,0,0,0
2,0,2,2,/,1,2,/,1,1, ,0,9,:,0,0,:,0,1,"
"
0,0,0,0
1,1,0,0
0,0,0,0
0,0,0,0
2,0,2,2,/,1,2,/,1,1, ,0,9,:,0,0,:,0,1,"
"
0,0,0,0
1,1,0,0
0,0,0,0
0,0,0,0
2,0,2,2,/,1,2,/,1,1, ,0,9,:,0,0,:,0,1,"
"
0,0,0,0
1,1,0,0
0,0,0,0
0,0,0,0
2,0,2,2,/,1,2,/,1,1, ,0,9,:,0,0,:,0,1,"
"
0,0,0,0
1,1,0,0
0,0,0,0
0,0,0,0
2,0,2,2,/,1,2,/,1,1, ,0,9,:,0,0,:,0,1,"
"
0,0,0,0
1,1,0,0
0,0,0,0
0,0,0,0
2,0,2,2,/,1,2,/,1,1, ,0,9,:,0,0,:,0,1,"
"
0,0,0,0
1,1,0,0
0,0,0,0
0,0,0,0
2,0,2,2,/,1,2,/,1,1, ,0,9,:,0,0,:,0,1,"
"
0,0,0,0
1,1,0,0
0,0,0,0
0,0,0,0
2,0,2,2,/,1,2,/,1,1, ,0,9,:,0,0,:,0,1,"
"
0,0,0,0
1,1,0,0
0,0,0,0
0,0,0,0
2,0,2,2,/,1,2,/,1,1, ,0,9,:,0,0,:,0,1,"
"
0,0,0,0
1,1,0,0
0,0,0,0
0,0,0,0
2,0,2,2,/,1,2,/,1,1, ,0,9,:,0,0,:,0,1,"
"
0,0,0,0
1,1,0,0
0,0,0,0
0,0,0,0
2,0,2,2,/,1,2,/,1,1, ,0,9,:,0,0,:,0,1,"
"
0,0,0,0
1,1,0,0
0,0,0,0
0,0,0,0
2,0,2,2,/,1,2,/,1,1, ,0,9,:,0,0,:,0,1,"
"
0,0,0,0
1,1,0,0
0,0,0,0
0,0,0,0
2,0,2,2,/,1,2,/,1,1, ,0,9,:,0,0,:,0,1,"
"
0,0,0,0
1,1,0,0
0,0,0,0
0,0,0,0
2,0,2,2,),/, ,1,2,/,0,9, ,1,0,.,0,2,.,0,8,"
"
0,0,0,0
1,1,0,0
0,0,0,0
0,0,0,0
2,0,2,2,/,1,2,/,1,1, ,0,9,:,0,0,:,0,2,"
"
0,0,0,0
1,1,0,0
0,0,0,0
0,0,0,0
2,0,2,2,/,1,2,/,1,1, ,0,9,:,0,0,:,0,2,"
"
0,0,0,0
1,1,0,0
0,0,0,0
0,0,0,0
2,0,2,2,/,1,2,/,1,1, ,0,9,:,0,0,:,0,2,"
"
0,0,0,0
1,1,0,0
0,0,0,0
0,0,0,0
2,0,2,2,/,1,2,/,1,1, ,0,9,:,0,0,:,0,2,"
"
0,0,0,0
1,1,0,0
0,0,0,0
0,0,0,0
2,0,2,2,/,1,2,/,1,1, ,0,9,:,0,0,:,0,2,"
"
0,0,0,0
1,1,0,0
0,0,0,0
0,0,0,0
2,0,2,2,/,1,2,/,1,1, ,0,9,:,0,0,:,0,2,"
"
0,0,0,0
1,1,0,0
0,0,0,0
0,0,0,0
e,2,0,2, ,2,/,1,2,/,1,1, ,0,9,:,0,0,:,0,2,"
"
0,0,0,0
1,1,0,0
0,0,0,0
0,0,0,0
2,0,2,2,/,1,2,/,1,1, ,0,9,:,0,0,:,0,2,"
"
0,0,0,0
1,1,0,0
0,0,0,0
0,0,0,0
a,0, ,2,2,/,1,2,/,1,1, ,0,9,:,0,0,:,0,2,"
"
0,0,0,0
1,1,0,0
0,0,0,0
0,0,0,0
m,m,), ,2,2,/,1,2,/,1,1, ,0,9,:,0,0,:,0,2,"
"
0,0,0,0
1,1,0,0
0,0,0,0
0,0,0,0
m,9,), ,2,2,/,1,2,/,1,1, ,0,9,:,0,0,:,0,2,"
"
0,0,0,0
1,1,0,0
0,0,0,0
0,0,0,0
7,0,2,2,/,1,2,/,1,1, ,0,9,:,0,0,:,0,2,"
"
0,0,0,0
1,1,0,0
0,0,0,0
0,0,0,0
w,a, ,2,2,/,1,2,/,1,1, ,0,9,:,0,0,:,0,2,"
"
0,0,0,0
1,1,0,0
0,0,0,0
0,0,0,0
7,0,2,2,/,1,2,/,1,1, ,0,9,:,0,0,:,0,2,"
"
0,0,0,0
1,1,0,0
0,0,0,0
0,0,0,0
=,2,0,2,2,/,1,2,/,1,1, ,0,9,:,0,0,:,0,2,"
"
0,0,0,0
1,1,0,0
0,0,0,0
0,0,0,0
=,2,0,2,2,/,1,2,/,1,1, ,0,9,:,0,0,:,0,2,"
"
0,0,0,0
1,1,0,0
0,0,0,0
0,0,0,0
£,2,0,2,2,/,1,2,/,1,1, ,0,9,:,0,0,:,0,2,"
"
0,0,0,0
1,1,0,0
0,0,0,0
0,0,0,0
2,0,2,2,/,1,2,/,1,1, ,0,9,:,0,0,:,0,2,"
"
0,0,0,0
1,1,0,0
0,0,0,0
0,0,0,0
“,2,0,2,2,/,1,2,/,1,1, ,0,9,:,0,0,:,0,2,"
",7,"
"
0,0,0,0
1,1,0,0
0,0,0,0
0,0,0,0
£,2,0,2,2,/,1,2,/,1,1, ,0,9,:,0,0,2,g,2,"
"
0,0,0,0
1,1,0,0
0,0,0,0
0,0,0,0
',2,0,2,2,/,1,2,/,1,1, ,0,9,:, ,0,0,8,G,8,"
"
0,0,0,0
1,1,0,0
0,0,0,0
0,0,0,0
2,0,2,2,/,1,2,/,1,1, ,0,9,:,0,0,:,0,2,"
"
0,0,0,0
1,1,0,0
0,0,0,0
0,0,0,0
2,0,2,2,/,1,2,/,1,1, ,0,9,:,0,0,:,0,2,"
"
0,0,0,0
1,1,0,0
0,0,0,0
0,0,0,0
2,0,2,2,/,1,2,/,1,1, ,0,9,:,0,0,:,0,2,"
"
0,0,0,0
1,1,0,0
0,0,0,0
0,0,0,0
2,0,2,2,/,1,2,/,1,1, ,0,9,:,0,0,:,0,2,"
"
0,0,0,0
1,1,0,0
0,0,0,0
0,0,0,0
2,0,2,2,/,1,2,/,1,1, ,0,9,:,0,0,:,0,3,"
"
0,0,0,0
1,1,0,0
0,0,0,0
0,0,0,0
2,0,2,2,/,1,2,/,1,1, ,0,9,:,0,0,:,0,3,"
"
0,0,0,0
1,1,0,0
0,0,0,0
0,0,0,0
2,0,2,2,/,1,2,/,1,1, ,0,9,:,0,0,:,0,3,"
"
0,0,0,0
1,1,0,0
0,0,0,0
0,0,0,0
2,0,2,2,/,1,2,/,1,1, ,0,9,:,0,0,:,0,3,"
"
0,0,0,0
1,1,0,0
0,0,0,0
0,0,0,0
2,0,2,2,/,1,2,/,1,1, ,0,9,:,0,0,:,0,3,"
"
0,0,0,0
1,1,0,0
0,0,0,0
0,0,0,0
2,0,2,2,/,1,2,/,1,1, ,0,9,:,0,0,:,0,3,"
"
0,0,0,0
1,1,0,0
0,0,0,0
0,0,0,0
2,0,2,2,/,1,2,/,1,1, ,0,9,:,0,0,:,0,3,"
"
0,0,0,0
1,1,0,0
0,0,0,0
0,0,0,0
2,0,2,2,/,1,2,/,1,1, ,0,9,:,0,0,:,0,3,"
"
0,0,0,0
1,1,0,0
0,0,0,0
0,0,0,0
2,0,2,2,/,1,2,/,1,1, ,0,9,:,0,0,:,0,3,"
"
0,0,0,0
1,1,0,0
0,0,0,0
0,0,0,0
2,0,2,2,/,1,2,/,1,1, ,0,9,:,0,0,:,0,3,"
"
0,0,0,0
1,1,0,0
0,0,0,0
0,0,0,0
2,0,2,2,/,1,2,/,1,1, ,0,9,:,0,0,:,0,3,"
"
0,0,0,0
1,1,0,0
0,0,0,0
0,0,0,0
2,0,2,2,/,1,2,/,1,1, ,0,9,:,0,0,:,0,3,"
"
0,0,0,0
1,1,0,0
0,0,0,0
0,0,0,0
2,0,2,2,/,1,2,/,1,7, ,0,9,:,0,0,:,0,3,"
"
0,0,0,0
1,1,0,0
0,0,0,0
0,0,0,0
2,0,2,2,/,1,2,/,1,1, ,0,9,:,0,0,:,0,3,"
"
0,0,0,0
1,1,0,0
0,0,0,0
0,0,0,0
2,0,2,2,/,1,2,/,1,1, ,0,9,:,0,0,:,0,3,"
"
0,0,0,0
1,1,0,0
0,0,0,0
0,0,0,0
2,0,2,2,/,1,2,/,1,1, ,0,9,:,0,0,:,0,3,"
"
0,0,0,0
1,1,0,0
0,0,0,0
0,0,0,0
2,0,2,2,/,1,2,/,1,1, ,0,9,:,0,0,:,0,3,"
"
0,0,0,0
1,1,0,0
0,0,0,0
0,0,0,0
2,0,2,2,/,1,2,/,1,¥, ,0,9,:,0,0,:,0,3,"
"
0,0,0,0
1,1,0,0
0,0,0,0
0,0,0,0
2,0,2,2,/,1,2,/,1,1, ,0,9,:,0,0,:,0,3,"
"
0,0,0,0
1,1,0,0
0,0,0,0
0,0,0,0
2,0,2,2,/,1,2,/,1,1, ,0,9,:,0,0,:,0,8,"
"
0,0,0,0
1,1,0,0
0,0,0,0
0,0,0,0
2,0,2,2,/,1,2,/,1,1, ,0,9,:,0,0,:,0,3,"
"
0,0,0,0
1,1,0,0
0,0,0,0
0,0,0,0
2,0,2,2,/,1,2,/,M,1, ,0,9,:,0,0,:,0,3,"
"
0,0,0,0
1,1,0,0
0,0,0,0
0,0,0,0
2,0,2,2,/,1,2,M,M, ,0,9,:,0,0,:,0,3,"
"
0,0,0,0
1,1,0,0
0,0,0,0
0,0,0,0
2,0,2,2,/,1,2,/,0,9,"""", ,0,9,:,0,0,:,0,3,"
"
0,0,0,0
1,1,0,0
0,0,0,0
0,0,0,0
2,0,2,2,/,T,a,y,a,r, ,0,9,:,0,0,:,0,3,"
"
0,0,0,0
1,1,0,0
0,0,0,0
0,0,0,0
2,0,2,2,/,M,a,y,e,y, ,0,9,:,0,0,:,0,4,"
"
0,0,0,0
1,1,0,0
0,0,0,0
0,0,0,0
2,0,2,2, ,(,a,y,e, ,0,9,:,0,0,:,0,4,"
"
0,0,0,0
1,1,0,0
0,0,0,0
0,0,0,0
2,0,2,2, ,/,d,i,e,y,e,k,l, ,0,9,:,0,0,:,0,4,"
"
0,0,0,0
1,1,0,0
0,0,0,0
0,0,0,0
2,0,2,2, ,/,d,e,f,p,], ,0,9,:,0,0,:,0,4,"
"
0,0,0,0
1,1,0,0
0,0,0,0
0,0,0,0
2,0,2,2,/,b,2,/,),1, ,0,9,:,0,0,:,0,4,"
"
0,0,0,0
1,1,0,0
0,0,0,0
0,0,0,0
2,0,2,2,/,1,2,/,1,1, ,0,9,:,0,0,:,0,4,"
"
0,0,0,0
1,1,0,0
0,0,0,0
0,0,0,0
2,0,2,2,/,1,2,/,1,1, ,0,9,:,0,0,:,0,4,"
"
0,0,0,0
1,1,0,0
0,0,0,0
0,0,0,0
2,0,2,2,/,1,2,/,1,1, ,0,9,:,0,0,:,0,4,"
"
0,0,0,0
1,1,0,0
0,0,0,0
0,0,0,0
2,0,2,2,/,1,2,/,1,1, ,0,9,:,0,0,:,0,4,"
",e,T,"
"
0,0,0,0
1,1,0,0
0,0,0,0
0,0,0,0
2,0,2,2,/,1,2,/,1,1, ,0,9,:,0,0,:,0,4,"
",a,"
"
0,0,0,0
1,1,0,0
0,0,0,0
0,0,0,0
2,0,2,2,/,1,2,/,1,1, ,0,9,:,0,0,:,0,4,"
"
0,0,0,0
1,1,0,0
0,0,0,0
0,0,0,0
2,0,2,2,/,1,2,/,1,1, ,0,9,:,0,0,:,0,4,"
"
0,0,0,0
1,1,0,0
0,0,0,0
0,0,0,0
2,0,2,2,/,1,2,/,1,1, ,0,9,:,0,0,:,0,4,"
"
0,0,0,0
1,1,0,0
0,0,0,0
0,0,0,0
2,0,2,2,/,1,2,/,1,1, ,0,9,:,0,0,:,0,4,"
"
0,0,0,0
1,1,0,0
0,0,0,0
0,0,0,0
2,0,2,2,/,7,2,/,1,1, ,0,9,:,0,0,:,0,4,"
"
0,0,0,0
1,1,0,0
0,0,0,0
0,0,0,0
2,0,2,2,/,7,2,/,1,1, ,0,9,:,0,0,:,0,4,"
"
0,0,0,0
1,1,0,0
0,0,0,0
0,0,0,0
2,0,2,2,/,1,2,/,1,1, ,0,9,:,0,0,:,0,4,"
"
0,0,0,0
1,1,0,0
0,0,0,0
0,0,0,0
2,0,2,2,/,1,2,/,1,1, ,0,9,:,0,0,:,0,4,"
"
0,0,0,0
1,1,0,0
0,0,0,0
0,0,0,0
2,0,2,8,/,1,2,/,1,1, ,0,9,:,0,0,:,0,4,"
"
0,0,0,0
1,1,0,0
0,0,0,0
0,0,0,0
2,0,2,2,/,0,2,/,1,1, ,0,9,:,0,0,:,0,4,"
"
0,0,0,0
1,1,0,0
0,0,0,0
0,0,0,0
2,0,2,2,/,4,2,/,1,1, ,0,9,:,0,0,:,0,4,"
",T,t,"
"
0,0,0,0
1,1,0,0
0,0,0,0
0,0,0,0
2,0,2,2,/,1,2,/,1,1, ,0,9,:,0,0,:,0,4,"
"
0,0,0,0
1,1,0,0
0,0,0,0
0,0,0,0
2,0,2,2,/,1,2,/,1,1, ,0,9,:,0,0,:,0,4,"
"
0,0,0,0
1,1,0,0
0,0,0,0
0,0,0,0
2,0, ,2,@,/,b,2,/,1,1, ,0,9,:,0,0,:,0,4,"
"
0,0,0,0
1,1,0,0
0,0,0,0
0,0,0,0
2,0,2,2,/,1,2,/,1,1, ,0,9,:,0,0,:,0,4,"
"
0,0,0,0
1,1,0,0
0,0,0,0
0,0,0,0
2,0, ,1,2,/,1,1, ,0,9,:,0,0,:,0,5,"
"
0,0,0,0
1,1,0,0
0,0,0,0
0,0,0,0
2,0,2,2,/,1,2,/,1,1, ,0,9,:,0,0,:,0,5,"
"
0,0,0,0
1,1,0,0
0,0,0,0
0,0,0,0
2,0,2,2,/,1,2,/,1,1, ,0,9,:,0,0,:,0,5,"
"
0,0,0,0
1,1,0,0
0,0,0,0
0,0,0,0
a,"
","
",2,0,2,2, ,7,1,1,2,/,1,1,), ,0,9,:,0,0,:,0,5,"
"
0,0,0,0
1,1,0,0
0,0,0,0
0,0,0,0
2,0,2,2,/,1,2,/,1,1, ,0,9,:,0,0,:,0,5,"
"
0,0,0,0
1,1,0,0
0,0,0,0
0,0,0,0
2,0,2,2,/,1,2,/,1,1, ,0,9,:,0,0,:,0,5,"
",-,_, , ,—,—,"
"
0,0,0,0
1,1,0,0
0,0,0,0
0,0,0,0
2,0,2,2,/,1,2,/,1,1, ,0,9,:,0,0,:,0,5,"
"
0,0,0,0
1,1,0,0
0,0,0,0
0,0,0,0
2,0,2,2,/,1,2,/,1,1, ,0,9,:,0,0,:,0,5,"
"
0,0,0,0
1,1,0,0
0,0,0,0
0,0,0,0
2,0,2,2,/,1,2,/,1,1, ,0,9,:,0,0,:,0,5,"
"
0,0,0,0
1,1,0,0
0,0,0,0
0,0,0,0
2,0,2,2,/,1,2,/,1,1, ,0,9,:,0,0,:,0,5,"
"
0,0,0,0
1,1,0,0
0,0,0,0
0,0,0,0
2,0,2,2,/,1,2,/,1,1, ,0,9,:,0,0,:,0,5,"
"
0,0,0,0
1,1,0,0
0,0,0,0
0,0,0,0
2,0,2,2,7,1,2,1,1, ,0,9,2,0,0,2,0,5,"
"
0,0,0,0
1,1,0,0
0,0,0,0
0,0,0,0
2,0,2,2,7,1,2,/, ,1,1, ,0,9,2,0,0,2,0,5,"
"
0,0,0,0
1,1,0,0
0,0,0,0
0,0,0,0
2,0,2,2, ,7,1,1,2,/,1,1, ,0,9,),2,0,0,:,.,0,5,"
"
0,0,0,0
1,1,0,0
0,0,0,0
0,0,0,0
2,0,2,2, ,7,2,/,1,1, ,0,9,1,2,0,0,2,0,5,"
"
0,0,0,0
1,1,0,0
0,0,0,0
0,0,0,0
2,0,2,2, ,7,2,/,1,1, ,0,9,1,2,0,0,2,0,5,"
"
0,0,0,0
1,1,0,0
0,0,0,0
0,0,0,0
2,0,2,2, ,7,1,2,/,1,1, ,0,9,',2,0,0,:,.,0,5,"
"
0,0,0,0
1,1,0,0
0,0,0,0
0,0,0,0
2,0,2,2,/,7,2,/,1,1, ,0,9,',2,0,0,:,.,0,5,"
"
0,0,0,0
1,1,0,0
0,0,0,0
0,0,0,0
2,0,2,2,7,4,1,1,2,1,1, ,0,9,',2,0,0,:,.,0,5,"
"
0,0,0,0
1,1,0,0
0,0,0,0
0,0,0,0
2,0,2,2,/,4,2,/,1,1, ,0,9,1,2,0,0,2,0,5,"
"
0,0,0,0
1,1,0,0
0,0,0,0
0,0,0,0
2,0,2,2,/,1,2,/,1,1, ,0,9,1,2,0,0,2,0,5,"
"
0,0,0,0
1,1,0,0
0,0,0,0
0,0,0,0
2,0,2,2,/,1,2,/,1,1, ,0,9,1,2,0,0,2,0,5,"
"
0,0,0,0
1,1,0,0
0,0,0,0
0,0,0,0
2,0,2,2,/,1,2,/,1,1, ,0,9,1,2,0,0,2,0,5,"
"
0,0,0,0
1,1,0,0
0,0,0,0
0,0,0,0
2,0,2,2,/,1,2,/,1,1, ,0,9,:,0,0,:,0,5,"
"
0,0,0,0
1,1,0,0
0,0,0,0
0,0,0,0
2,O,2,2,7,4,1,2,/, ,1,1, ,0,9,2,0,0,2,0,5,"
"
0,0,0,0
1,1,0,0
0,0,0,0
0,0,0,0
2,0,2,2,/,1,2,/,1,1, ,0,9,:,0,0,:,0,6,"
"
0,0,0,0
1,1,0,0
0,0,0,0
0,0,0,0
2,0,2,2,/,1,2,/,1,1, ,0,9,:,0,0,:,0,6,"
"
0,0,0,0
1,1,0,0
0,0,0,0
0,0,0,0
2,0,2,2,/,1,2,/,1,1, ,0,9,:,0,0,:,0,6,"
"
0,0,0,0
1,1,0,0
0,0,0,0
0,0,0,0
2,0,2,2,/,1,2,/,1,1, ,0,9,:,0,0,:,0,6,"
"
0,0,0,0
1,1,0,0
0,0,0,0
0,0,0,0
2,0,2,2,/,1,2,/,1,1, ,0,9,:,0,0,:,0,6,"
"
0,0,0,0
1,1,0,0
0,0,0,0
0,0,0,0
2,0,2,2,/,1,2,/,1,1, ,0,9,:,0,0,:,0,6,"
"
0,0,0,0
1,1,0,0
0,0,0,0
0,0,0,0
2,0,2,2,/,1,2,/,1,1, ,0,9,:,0,0,:,0,6,"
"
0,0,0,0
1,1,0,0
0,0,0,0
0,0,0,0
2,0,2,2,/,1,2,/,1,1, ,0,9,:,0,0,:,0,6,"
"
0,0,0,0
1,1,0,0
0,0,0,0
0,0,0,0
2,0,2,2,/,1,2,/,1,1, ,0,9,:,0,0,:,0,6,"
"
0,0,0,0
1,1,0,0
0,0,0,0
0,0,0,0
2,0,2,2,/,1,1,2,7, ,1,1, ,0,9,:,0,0,:,0,6,"
"
0,0,0,0
1,1,0,0
0,0,0,0
0,0,0,0
2,0,2,2,/,1,2,/,1,1, ,0,9,:,0,0,:,0,6,"
"
0,0,0,0
1,1,0,0
0,0,0,0
0,0,0,0
2,0,2,2,/,2,7,1,1, ,0,9,:,0,0,:,0,6,"
"
0,0,0,0
1,1,0,0
0,0,0,0
0,0,0,0
2,0,2,2,/,1,2,/,1,1, ,0,9,:,0,0,:,0,6,"
"
0,0,0,0
1,1,0,0
0,0,0,0
0,0,0,0
(,2,0,2,2,/,1,2,/,1,1, ,0,9,:,0,0,:,0,6,"
"
0,0,0,0
1,1,0,0
0,0,0,0
0,0,0,0
1,2,0,2,.,2,/,1,2,/,1,1, ,0,9,:,0,0,:,0,6,"
"
0,0,0,0
1,1,0,0
0,0,0,0
0,0,0,0
§,2,.,0,:,2,.,2,/, ,1,2,/,1, ,0,9,:, ,0,0,2,.,0,6,"
"
0,0,0,0
1,1,0,0
0,0,0,0
0,0,0,0
5,2,0,2,2,/,1,2,/,1,1, ,0,9,:,0,0,:,0,6,"
"
0,0,0,0
1,1,0,0
0,0,0,0
0,0,0,0
2,0,2,2,/,1,2,/,1,1, ,0,9,:,0,0,:,0,6,"
"
0,0,0,0
1,1,0,0
0,0,0,0
0,0,0,0
2,0,2,2,/,1,2,/,1,1, ,0,9,:,0,0,:,0,6,"
"
0,0,0,0
1,1,0,0
0,0,0,0
0,0,0,0
~,2,0,2,2,/,1,2,/,1,1, ,0,9,:,0,0,:,0,6,"
"
0,0,0,0
1,1,0,0
0,0,0,0
0,0,0,0
~,2,0,2,2,/,1,2,/,1,1, ,0,9,:,0,0,:,0,6,"
"
0,0,0,0
1,1,0,0
0,0,0,0
0,0,0,0
~,2,0,2,2,/,1,2,/,1,1, ,0,9,:,0,0,:,0,6,"
"
0,0,0,0
1,1,0,0
0,0,0,0
0,0,0,0
~,2,0,2,2,/,1,2,/,1,1, ,0,9,:,0,0,:,0,6,"
"
0,0,0,0
1,1,0,0
0,0,0,0
0,0,0,0
“,2,0,2,2,/,1,2,/,1,1, ,0,9,:,0,0,:,0,6,"
"
0,0,0,0
1,1,0,0
0,0,0,0
0,0,0,0
“,2,0,2,2,/,1,2,/,1,1, ,0,9,:,0,0,:,0,6,"
"
0,0,0,0
1,1,0,0
0,0,0,0
0,0,0,0
=,2,0,2,2,/,1,2,/,1,1, ,0,9,:,0,0,:,0,7,"
"
0,0,0,0
1,1,0,0
0,0,0,0
0,0,0,0
"""",2,0,2,2,/,1,2,/,1,1, ,0,9,:,0,0,:,0,7,"
"
0,0,0,0
1,1,0,0
0,0,0,0
0,0,0,0
"""",2,0,2,2,/,1,2,/,1,1, ,0,9,:,0,0,:,0,7,"
"
0,0,0,0
1,1,0,0
0,0,0,0
0,0,0,0
"""",2,0,2,2,/,1,2,/,1,1, ,0,9,:,0,0,:,0,7,"
"
0,0,0,0
1,1,0,0
0,0,0,0
0,0,0,0
"""",2,0,2,2,/,1,2,/,1,1, ,0,9,:,0,0,:,0,7,"
"
0,0,0,0
1,1,0,0
0,0,0,0
0,0,0,0
"""",2,0,2,2,/,1,2,/,1,1, ,0,9,:,0,0,:,0,7,"
"
0,0,0,0
1,1,0,0
0,0,0,0
0,0,0,0
"""",2,0,2,2,/,1,2,/,1,1, ,0,9,:,0,0,:,0,7,"
"
0,0,0,0
1,1,0,0
0,0,0,0
0,0,0,0
"""",2,0,2,2,/,1,2,/,1,1, ,0,9,:,0,0,:,0,7,"
"
0,0,0,0
1,1,0,0
0,0,0,0
0,0,0,0
"""",2,0,2,2,/,1,2,/,1,1, ,0,9,:,0,0,:,0,7,"
"
0,0,0,0
1,1,0,0
0,0,0,0
0,0,0,0
*,2,0,2,2,/,1,2,/,1,1, ,0,9,:,0,0,:,0,7,"
"
0,0,0,0
1,1,0,0
0,0,0,0
0,0,0,0
2,0,2,2,/,1,2,/,1,1, ,0,9,:,0,0,:,0,7,"
"
0,0,0,0
1,1,0,0
0,0,0,0
0,0,0,0
2,0,2,2,/,1,2,/,1,1, ,0,9,:,0,0,:,0,7,"
"
0,0,0,0
1,1,0,0
0,0,0,0
0,0,0,0
2,0,2,2,/,1,2,/,1,1, ,0,9,:,0,0,:,0,7,"
"
0,0,0,0
1,1,0,0
0,0,0,0
0,0,0,0
2,0,2,2,/,1,2,/,1,1, ,0,9,:,0,0,:,0,7,"
"
0,0,0,0
1,1,0,0
0,0,0,0
0,0,0,0
2,0,2,2,/,1,2,/,1,1, ,0,9,:,0,0,:,0,7,"
"
0,0,0,0
1,1,0,0
0,0,0,0
0,0,0,0
~,2,0,2,2,/,1,2,/,1,1, ,0,9,:,0,0,:,0,7,"
"
0,0,0,0
1,1,0,0
0,0,0,0
0,0,0,0
~,2,0,2,2,/,1,2,/,1,1, ,0,9,:,0,0,:,0,7,"
"
0,0,0,0
1,1,0,0
0,0,0,0
0,0,0,0
~,2,0,2,2,/,1,2,/,1,1, ,0,9,:,0,0,:,0,7,"
"
0,0,0,0
1,1,0,0
0,0,0,0
0,0,0,0
2,0,2,2,/,1,2,/,1,1, ,0,9,:,0,0,:,0,7,"
"
0,0,0,0
1,1,0,0
0,0,0,0
0,0,0,0
2,0,2,2,/,1,2,/,1,1, ,0,9,:,0,0,:,0,7,"
"
0,0,0,0
1,1,0,0
0,0,0,0
0,0,0,0
~,2,0,2,2,/,1,2,/,1,1, ,0,9,:,0,0,:,0,7,"
"
0,0,0,0
1,1,0,0
0,0,0,0
0,0,0,0
2,0,2,2,/,1,2,/,1,1, ,0,9,:,0,0,:,0,7,"
"
0,0,0,0
1,1,0,0
0,0,0,0
0,0,0,0
9,0,2,2,/,1,2,/,1,1, ,0,9,:,0,0,:,0,7,"
"
0,0,0,0
1,1,0,0
0,0,0,0
0,0,0,0
2,0,2,2,/,1,2,/,1,1, ,0,9,:,0,0,:,0,7,"
"
0,0,0,0
1,1,0,0
0,0,0,0
0,0,0,0
2,0,2,2,/,1,2,/,1,1, ,0,9,:,0,0,:,0,7,"
"
0,0,0,0
1,1,0,0
0,0,0,0
0,0,0,0
2,0,2,2,/,1,2,/,1,1, ,0,9,:,0,0,:,0,8,"
"
0,0,0,0
1,1,0,0
0,0,0,0
0,0,0,0
2,0,2,2,/,1,2,/,1,1, ,0,9,:,0,0,:,0,8,"
"
0,0,0,0
1,1,0,0
0,0,0,0
0,0,0,0
2,0,2,2,/,1,2,/,1,1, ,0,9,:,0,0,:,0,8,"
"
0,0,0,0
1,1,0,0
0,0,0,0
0,0,0,0
2,0,2,2,/,1,2,/,1,1, ,0,9,:,0,0,:,0,8,"
"
0,0,0,0
1,1,0,0
0,0,0,0
0,0,0,0
2,0,2,2,/,1,2,/,1,1, ,0,9,:,0,0,:,0,8,"
"
0,0,0,0
1,1,0,0
0,0,0,0
0,0,0,0
2,0,2,2,/,1,2,/,1,1, ,0,9,:,0,0,:,0,8,"
"
0,0,0,0
2,1,0,0
0,0,0,0
0,0,0,0
(,2,0,2,2,/,1,2,/,1,1, ,0,9,:,0,0,:,0,8,"
"
0,0,0,0
2,1,0,0
0,0,0,0
0,0,0,0
(,2,0,2,2,/,1,2,/,1,1, ,0,9,:,0,0,:,0,8,"
"
0,0,0,0
2,1,0,0
0,0,0,0
0,0,0,0
(,2,0,2,2,/,1,2,/,1,1, ,0,9,:,0,0,:,0,8,"
"
0,0,0,0
2,1,0,0
0,0,0,0
0,0,0,0
(,2,0,2,2,/,1,2,/,1,1, ,0,9,:,0,0,:,0,8,"
"
0,0,0,0
2,1,0,0
0,0,0,0
0,0,0,0
2,0,2,2,/,1,2,/,1,1, ,0,9,:,0,0,:,0,8,"
"
0,0,0,0
2,1,0,0
0,0,0,0
0,0,0,0
2,0,2,2,/,1,2,/,1,1, ,0,9,:,0,0,:,0,8,"
"
0,0,0,0
2,1,0,0
0,0,0,0
0,0,0,0
(,2,0,2,2,/,1,2,/,1,1, ,0,9,:,0,0,:,0,8,"
"
0,0,0,0
2,1,0,0
0,0,0,0
0,0,0,0
2,0,2,2,/,1,2,/,1,1, ,0,9,:,0,0,:,0,8,"
"
0,0,0,0
2,1,0,0
0,0,0,0
0,0,0,0
2,0,2,2,/,1,2,/,1,1, ,0,9,:,0,0,:,0,8,"
"
0,0,0,0
2,1,0,0
0,0,0,0
0,0,0,0

0,0,0,0
2,1,0,0
0,0,0,0
0,0,0,0

0,0,0,0
2,1,0,0
0,0,0,0
0,0,0,0

0,0,0,0
2,1,0,0
0,0,0,0
0,0,0,0
2,0,2,2,/,1,2,/,1,1, ,0,9,:,0,0,:,0,8,"
"
0,0,0,0
2,1,0,0
0,0,0,0
0,0,0,0
(,2,0,2,2,/,1,2,/,1,1, ,0,9,:,0,0,:,0,8,"
"
0,0,0,0
2,1,0,0
0,0,0,0
0,0,0,0
(,2,0,2,2,/,1,2,/,1,1, ,0,9,:,0,0,:,0,8,"
"
0,0,0,0
2,1,0,0
0,0,0,0
0,0,0,0
(,2,0,2,2,/,1,2,/,1,1, ,0,9,:,0,0,:,0,8,"
"
0,0,0,0
2,1,0,0
0,0,0,0
0,0,0,0
(,2,0,2,2,/,1,2,/,1,1, ,0,9,:,0,0,:,0,8,"
"
0,0,0,0
2,1,0,0
0,0,0,0
0,0,0,0
(,2,0,2,2,/,1,2,/,1,1, ,0,9,:,0,0,:,0,8,"
"
0,0,0,0
2,1,0,0
0,0,0,0
0,0,0,0
(,2,0,2,2,/,1,2,/,1,1, ,0,9,:,0,0,:,0,8,"
"
0,0,0,0
2,1,0,0
0,0,0,0
0,0,0,0
2,0,2,2,/,1,2,/,1,1, ,0,9,:,0,0,:,0,9,"
"
0,0,0,0
2,1,0,0
0,0,0,0
0,0,0,0
2,0,2,2,/,1,2,/,1,1, ,0,9,:,0,0,:,0,9,"
"
0,0,0,0
2,1,0,0
0,0,0,0
0,0,0,0
2,0,2,2,/,1,2,/,1,1, ,0,9,:,0,0,:,0,9,"
"
0,0,0,0
2,1,0,0
0,0,0,0
0,0,0,0
(,2,0,2,2,/,1,2,/,1,1, ,0,9,:,0,0,:,0,9,"
"
0,0,0,0
2,1,0,0
0,0,0,0
0,0,0,0
2,0,2,2,/,1,2,/,1,1, ,0,9,:,0,0,:,0,9,"
"
0,0,0,0
2,1,0,0
0,0,0,0
0,0,0,0
(,2,0,2,2,/,1,2,/,1,1, ,0,9,:,0,0,:,0,9,"
"
0,0,0,0
2,1,0,0
0,0,0,0
0,0,0,0
2,0,2,2,/,1,2,/,1,1, ,0,9,:,0,0,:,0,9,"
"
0,0,0,0
2,1,0,0
0,0,0,0
0,0,0,0
2,0,2,2,/,1,2,/,1,1, ,0,9,:,0,0,:,0,9,"
"
0,0,0,0
2,1,0,0
0,0,0,0
0,0,0,0
2,0,2,2,/,1,2,/,1,1, ,0,9,:,0,0,:,0,9,"
"
0,0,0,0
2,1,0,0
0,0,0,0
0,0,0,0
2,0,2,2,/,1,2,/,1,1, ,0,9,:,0,0,:,0,9,"
"
0,0,0,0
2,1,0,0
0,0,0,0
0,0,0,0
2,0,2,2,/,1,2,/,1,1, ,0,9,:,0,0,:,0,9,"
"
0,0,0,0
2,1,0,0
0,0,0,0
0,0,0,0
2,0,2,2,/,1,2,/,1,1, ,0,9,:,0,0,:,0,9,"
"
0,0,0,0
2,1,0,0
0,0,0,0
0,0,0,0
2,0,2,2,/,1,2,/,1,1, ,0,9,:,0,0,:,0,9,"
"
0,0,0,0
2,1,0,0
0,0,0,0
0,0,0,0
(,2,0,2,2,/,1,2,/,1,1, ,0,9,:,0,0,:,0,9,"
"
0,0,0,0
2,1,0,0
0,0,0,0
0,0,0,0
(,2,0,2,2,/,1,2,/,1,1, ,0,9,:,0,0,:,0,9,"
"
0,0,0,0
2,1,0,0
0,0,0,0
0,0,0,0
2,0,2,2,/,1,2,/,1,1, ,0,9,:,0,0,:,0,9,"
"
0,0,0,0
2,1,0,0
0,0,0,0
0,0,0,0
2,0,2,2,/,1,2,/,1,1, ,0,9,:,0,0,:,0,9,"
"
0,0,0,0
2,1,0,0
0,0,0,0
0,0,0,0
2,0,2,2,/,1,2,/,1,1, ,0,9,:,0,0,:,0,9,"
"
0,0,0,0
2,1,0,0
0,0,0,0
0,0,0,0
(,2,0,2,2,/,1,2,/,1,1, ,0,9,:,0,0,:,0,9,"
"
0,0,0,0
2,1,0,0
0,0,0,0
0,0,0,0
2,0,2,2,/,1,2,/,1,1, ,0,9,:,0,0,:,0,9,"
"
0,0,0,0
2,1,0,0
0,0,0,0
0,0,0,0
2,0,2,2,/,1,2,/,1,1, ,0,9,:,0,0,:,0,9,"
"
0,0,0,0
2,1,0,0
0,0,0,0
0,0,0,0
2,0,2,2,/,1,2,/,1,1, ,0,9,:,0,0,:,0,9,"
"
0,0,0,0
2,1,0,0
0,0,0,0
0,0,0,0
(,2,0,2,2,/,1,2,/,1,1, ,0,9,:,0,0,:,0,9,"
"
0,0,0,0
2,1,0,0
0,0,0,0
0,0,0,0
2,0,2,2,/,1,2,/,1,1, ,0,9,:,0,0,:,0,9,"
"
0,0,0,0
2,1,0,0
0,0,0,0
0,0,0,0
2,0,2,2,/,1,2,/,1,1, ,0,9,:,0,0,:,0,9,"
"
0,0,0,0
2,1,0,0
0,0,0,0
0,0,0,0
(,2,0,2,2,/,%,2,/,1,1, ,0,9,:,0,0,:,1,0,"
"
0,0,0,0
2,1,0,0
0,0,0,0
0,0,0,0
(,2,0,2,2,/,¥,%,2,/,1,1, ,0,9,:,0,0,:,1,0,"
"
0,0,0,0
2,1,0,0
0,0,0,0
0,0,0,0
(,2,0,2,2,/,%,2,/,1,1, ,0,9,:,0,0,:,1,0,"
"
0,0,0,0
2,1,0,0
0,0,0,0
0,0,0,0
(,2,0,2,2,/,%,2,/,1,1, ,0,9,:,0,0,:,1,0,"
"
0,0,0,0
2,1,0,0
0,0,0,0
0,0,0,0
(,2,0,2,2,/,¥,2,/,1,1, ,0,9,:,0,0,:,1,0,"
"
0,0,0,0
2,1,0,0
0,0,0,0
0,0,0,0
(,2,0,2,2,/,F,2,/,1,1, ,0,9,:,0,0,:,1,0,"
"
0,0,0,0
2,1,0,0
0,0,0,0
0,0,0,0
(,2,0,2,2,/,F,2,/,1,1, ,0,9,:,0,0,:,1,0,"
"
0,0,0,0
2,1,0,0
0,0,0,0
0,0,0,0
(,2,0,2,2,/,F,2,/,1,1, ,0,9,:,0,0,:,1,0,"
"
0,0,0,0
2,1,0,0
0,0,0,0
0,0,0,0
(,2,0,2,2,/,¥,2,/,1,1, ,0,9,:,0,0,:,1,0,"
"
0,0,0,0
2,1,0,0
0,0,0,0
0,0,0,0
(,2,0,2,2,/,#,2,/,1,1, ,0,9,:,0,0,:,1,0,"
"
0,0,0,0
2,1,0,0
0,0,0,0
0,0,0,0
-,2,0,2,2,/,¥,2,/,1,1, ,0,9,:,0,0,:,1,0,"
"
0,0,0,0
2,1,0,0
0,0,0,0
0,0,0,0
(,2,0,2,2,/,4,2,/,1,1, ,0,9,:,0,0,:,1,0,"
"
0,0,0,0
2,1,0,0
0,0,0,0
0,0,0,0
(,2,0,2,2,/,4,2,/,1,1, ,0,9,:,0,0,:,1,0,"
"
0,0,0,0
2,1,0,0
0,0,0,0
0,0,0,0
(,2,0,2,2,/,1,2,/,1,1, ,0,9,:,0,0,:,1,0,"
"
0,0,0,0
2,1,0,0
0,0,0,0
0,0,0,0
(,2,0,2,2,4,1,2,/,1,1, ,0,9,:,0,0,:,1,0,"
"
0,0,0,0
2,1,0,0
0,0,0,0
0,0,0,0
(,2,0,2,2,/,1,2,/,1,1, ,0,9,:,0,0,:,1,0,"
"
0,0,0,0
2,1,0,0
0,0,0,0
0,0,0,0
(,2,0,2,2,9,1,2,/,1,1, ,0,9,:,0,0,:,1,0,"
"
0,0,0,0
2,1,0,0
0,0,0,0
0,0,0,0
2,0,2,2,/,1,2,/,1,1, ,0,9,:,0,0,:,1,0,"
"
0,0,0,0
2,1,0,0
0,0,0,0
0,0,0,0
-,2,0,2,2,7,1,2,/,1,1, ,0,9,:,0,0,:,1,0,"
"
0,0,0,0
2,1,0,0
0,0,0,0
0,0,0,0
2,0,2,2,/,1,2,/,1,1, ,0,9,:,0,0,:,1,0,"
"
0,0,0,0
2,1,0,0
0,0,0,0
0,0,0,0
(,2,0,2,2,/,1,2,/,1,1, ,0,9,:,0,0,:,1,0,"
"
0,0,0,0
2,1,0,0
0,0,0,0
0,0,0,0
(,2,0,2,2,/,1,2,/,1,1, ,0,9,:,0,0,:,1,0,"
"
0,0,0,0
2,1,0,0
0,0,0,0
0,0,0,0
(,2,0,2,2,/,1,2,/,1,1, ,0,9,:,0,0,:,1,0,"
"
0,0,0,0
2,1,0,0
0,0,0,0
0,0,0,0
(,2,0,2,2,/,1,2,/,1,1, ,0,9,:,0,0,:,1,0,"
"
0,0,0,0
2,1,0,0
0,0,0,0
0,0,0,0
(,2,0,2,2,/,1,2,/,1,1, ,0,9,:,0,0,:,1,0,"
"
0,0,0,0
2,1,0,0
0,0,0,0
0,0,0,0
(,2,0,2,2,/,1,2,/,1,1, ,0,9,:,0,0,:,1,1,"
"
0,0,0,0
2,1,0,0
0,0,0,0
0,0,0,0
2,0,2,2,/,1,2,/,1,1, ,0,9,:,0,0,:,1,1,"
"
0,0,0,0
2,1,0,0
0,0,0,0
0,0,0,0
2,0,2,2,/,1,2,/,1,1, ,0,9,:,0,0,:,1,1,"
"
0,0,0,0
2,1,0,0
0,0,0,0
0,0,0,0
(,2,0,2,2,/,1,2,/,1,1, ,0,9,:,0,0,:,1,1,"
"
0,0,0,0
2,1,0,0
0,0,0,0
0,0,0,0
(,2,0,2,2,/,1,2,/,1,1, ,0,9,:,0,0,:,1,1,"
"
0,0,0,0
2,1,0,0
0,0,0,0
0,0,0,0
(,2,0,2,2,/,1,2,/,1,1, ,0,9,:,0,0,:,1,1,"
"
0,0,0,0
2,1,0,0
0,0,0,0
0,0,0,0
(,2,0,2,2,/,1,2,/,1,1, ,0,9,:,0,0,:,1,1,"
"
0,0,0,0
2,1,0,0
0,0,0,0
0,0,0,0
2,0,2,2,/,1,2,/,1,1, ,0,9,:,0,0,:,1,1,"
"
0,0,0,0
2,1,0,0
0,0,0,0
0,0,0,0
(,2,0,2,2,/,1,2,/,1,1, ,0,9,:,0,0,:,1,1,"
"
0,0,0,0
2,1,0,0
0,0,0,0
0,0,0,0
(,2,0,2,2,/,1,2,/,1,1, ,0,9,:,0,0,:,1,1,"
"
0,0,0,0
2,1,0,0
0,0,0,0
0,0,0,0
(,2,0,2,2,/,1,2,/,1,1, ,0,9,:,0,0,:,1,1,"
"
0,0,0,0
2,1,0,0
0,0,0,0
0,0,0,0
2,0,2,2,/,1,2,/,1,1, ,0,9,:,0,0,:,1,1,"
"
0,0,0,0
2,1,0,0
0,0,0,0
0,0,0,0
(,2,0,2,2,/,1,2,/,1,1, ,0,9,:,0,0,:,1,1,"
"
0,0,0,0
2,1,0,0
0,0,0,0
0,0,0,0
(,2,0,2,2,/,1,2,/,1,1, ,0,9,:,0,0,:,1,1,"
"
0,0,0,0
2,1,0,0
0,0,0,0
0,0,0,0
2,0,2,2,/,1,2,/,1,1, ,0,9,:,0,0,:,1,1,"
"
0,0,0,0
2,1,0,0
0,0,0,0
0,0,0,0
(,2,0,2,2,/,1,2,/,1,1, ,0,9,7,0,0,:,1,1,"
"
0,0,0,0
2,1,0,0
0,0,0,0
0,0,0,0
2,0,2,2,/,1,2,/,1,1, ,0,9,£,0,0,:,1,1,"
"
0,0,0,0
2,1,0,0
0,0,0,0
0,0,0,0
2,0,2,2,/,1,2,/,1,1, ,0,9,£,0,0,:,1,1,"
"
0,0,0,0
2,1,0,0
0,0,0,0
0,0,0,0
(,2,0,2,2,/,1,2,/,1,1, ,0,9,+,0,0,:,1,1,"
"
0,0,0,0
2,1,0,0
0,0,0,0
0,0,0,0
2,0,2,2,/,1,2,/,1,1, ,0,9,:,0,0,:,1,1,"
"
0,0,0,0
2,1,0,0
0,0,0,0
0,0,0,0
(,2,0,2,2,/,1,2,/,1,1, ,0,9,#,0,0,:,1,1,"
"
0,0,0,0
2,1,0,0
0,0,0,0
0,0,0,0
2,0,2,2,/,1,2,/,1,1, ,0,9,:,0,0,:,1,1,"
"
0,0,0,0
2,1,0,0
0,0,0,0
0,0,0,0
2,0,2,2,/,1,2,/,1,1, ,0,9,:,0,0,:,1,1,"
"
0,0,0,0
2,1,0,0
0,0,0,0
0,0,0,0

0,0,0,0
2,1,0,0
0,0,0,0
0,0,0,0

0,0,0,0
2,1,0,0
0,0,0,0
0,0,0,0

0,0,0,0
2,1,0,0
0,0,0,0
0,0,0,0
(,2,0,2,2,/,1,2,/,1,1, ,0,9,%,0,0,:,1,2,"
"
0,0,0,0
2,1,0,0
0,0,0,0
0,0,0,0
2,0,2,2,/,1,2,/,1,1, ,0,@,%,#,0,0,:,1,2,"
"
0,0,0,0
2,1,0,0
0,0,0,0
0,0,0,0
(,2,0,2,2,/,1,2,/,1,1, ,O,g,H,0,0,:,1,2,"
"
0,0,0,0
2,1,0,0
0,0,0,0
0,0,0,0
(,2,0,2,2,/,1,2,/,1,1, ,Q,9,m,0,0,:,1,2,"
"
0,0,0,0
2,1,0,0
0,0,0,0
0,0,0,0
(,2,0,2,2,/,1,2,/,1,1, ,0,%,:,0,0,:,1,2,"
"
0,0,0,0
2,1,0,0
0,0,0,0
0,0,0,0
2,0,2,2,/,1,2,/,1,1, ,0,9,:,0,0,:,1,2,"
"
0,0,0,0
2,1,0,0
0,0,0,0
0,0,0,0
2,0,2,2,/,1,2,/,1,1, ,0,9,:,0,0,:,1,2,"
"
0,0,0,0
2,1,0,0
0,0,0,0
0,0,0,0
2,0,2,2,/,1,2,/,1,1, ,0,9,:,0,0,:,1,2,"
"
0,0,0,0
2,1,0,0
0,0,0,0
0,0,0,0
2,0,2,2,/,1,2,/,1,1, ,0,9,:,0,0,:,1,2,"
"
0,0,0,0
2,1,0,0
0,0,0,0
0,0,0,0
2,0,2,2,/,1,2,/,1,1, ,0,9,:,0,0,:,1,2,"
"
0,0,0,0
2,1,0,0
0,0,0,0
0,0,0,0
2,0,2,2,/,1,2,/,1,1, ,0,9,:,0,0,:,1,2,"
"
0,0,0,0
2,1,0,0
0,0,0,0
0,0,0,0
2,0,2,2,/,1,2,/,1,1, ,0,9,:,0,0,:,1,2,"
"
0,0,0,0
2,1,0,0
0,0,0,0
0,0,0,0
2,0,2,2,/,1,2,/,1,1, ,0,9,:,0,0,:,1,2,"
"
0,0,0,0
2,1,0,0
0,0,0,0
0,0,0,0
2,0,2,2,/,1,2,/,1,1, ,0,9,:,0,0,:,1,2,"
"
0,0,0,0
2,1,0,0
0,0,0,0
0,0,0,0
2,0,2,2,/,1,2,/,1,1, ,0,9,:,0,0,:,1,2,"
"
0,0,0,0
2,1,0,0
0,0,0,0
0,0,0,0
2,0,2,2,/,1,2,/,1,1, ,0,9,:,0,0,:,1,2,"
"
0,0,0,0
2,1,0,0
0,0,0,0
0,0,0,0
2,0,2,2,/,1,2,/,1,1,_,0,9,:,0,0,:,1,2,"
"
0,0,0,0
2,1,0,0
0,0,0,0
0,0,0,0
2,0,2,2,/,1,2,/,1,1, ,0,9,:,0,0,:,1,2,"
"
0,0,0,0
2,1,0,0
0,0,0,0
0,0,0,0
2,0,2,2,/,1,2,/,1,1, ,0,9,:,0,0,:,1,2,"
"
0,0,0,0
2,1,0,0
0,0,0,0
0,0,0,0
2,0,2,2,/,1,2,/,1,1, ,0,9,:,0,0,:,1,2,"
"
0,0,0,0
2,1,0,0
0,0,0,0
0,0,0,0
2,0,2,2,/,1,2,/,1,1, ,0,9,:,0,0,:,1,2,"
"
0,0,0,0
2,1,0,0
0,0,0,0
0,0,0,0
2,0,2,2,/,1,2,/,1,1, ,0,9,:,0,0,:,1,2,"
"
0,0,0,0
2,1,0,0
0,0,0,0
0,0,0,0
2,0,2,2,/,1,2,/,1,1, ,0,9,:,0,0,:,1,2,"
"
0,0,0,0
2,1,0,0
0,0,0,0
0,0,0,0
2,0,2,2,/,1,2,/,1,1, ,0,9,:,0,0,:,1,2,"
"
0,0,0,0
2,1,0,0
0,0,0,0
0,0,0,0
2,0,2,2,/,1,2,/,1,1, ,0,9,:,0,0,:,1,3,"
"
0,0,0,0
2,1,0,0
0,0,0,0
0,0,0,0
2,0,2,2,/,1,2,/,1,1, ,0,9,:,0,0,:,1,3,"
"
0,0,0,0
2,1,0,0
0,0,0,0
0,0,0,0
2,0,2,2,/,1,2,/,1,1, ,0,9,:,0,0,:,1,3,"
"
0,0,0,0
2,1,0,0
0,0,0,0
0,0,0,0
2,0,2,2,/,1,2,/,1,1, ,0,9,:,0,0,:,1,3,"
"
0,0,0,0
2,1,0,0
0,0,0,0
0,0,0,0
2,0,2,2,/,1,2,/,1,1, ,0,9,:,0,0,:,1,3,"
"
0,0,0,0
2,1,0,0
0,0,0,0
0,0,0,0
2,0,2,2,/,1,2,/,1,1, ,0,9,:,0,0,:,1,3,"
"
0,0,0,0
2,1,0,0
0,0,0,0
0,0,0,0
2,0,2,2,/,1,2,/,1,1, ,0,9,:,0,0,:,1,3,"
"
0,0,0,0
2,1,0,0
0,0,0,0
0,0,0,0
2,0,2,2,/,1,2,/,1,1, ,0,9,:,0,0,:,1,3,"
"
0,0,0,0
2,1,0,0
0,0,0,0
0,0,0,0
2,0,2,2,/,1,2,/,1,1, ,0,9,:,0,0,:,1,3,"
"
0,0,0,0
2,1,0,0
0,0,0,0
0,0,0,0
2,0,2,2,/,1,2,/,1,1, ,0,9,:,0,0,:,1,3,"
"
0,0,0,0
2,1,0,0
0,0,0,0
0,0,0,0
2,0,2,2,/,1,2,/,1,1, ,0,9,:,0,0,:,1,3,"
"
0,0,0,0
2,1,0,0
0,0,0,0
0,0,0,0
2,0,2,2,/,1,2,/,1,1, ,0,9,:,0,0,:,1,3,"
"
0,0,0,0
2,1,0,0
0,0,0,0
0,0,0,0
2,0,2,2,/,1,2,/,1,1, ,0,9,:,0,0,:,1,3,"
"
0,0,0,0
2,1,0,0
0,0,0,0
0,0,0,0
2,0,2,2,/,1,2,/,1,1, ,0,9,:,0,0,:,1,3,"
"
0,0,0,0
2,1,0,0
0,0,0,0
0,0,0,0
2,0,2,2,/,1,2,/,1,1, ,0,9,:,0,0,:,1,3,"
"
0,0,0,0
2,1,0,0
0,0,0,0
0,0,0,0
2,0,2,2,/,1,2,/,1,1, ,0,9,:,0,0,:,1,3,"
"
0,0,0,0
2,1,0,0
0,0,0,0
0,0,0,0
(,2,0,2,2,/,1,2,/,1,4, ,0,9,:,0,0,:,1,3,"
"
0,0,0,0
2,1,0,0
0,0,0,0
0,0,0,0
(,2,0,2,2,/,1,2,/,¥,1, ,0,9,:,0,0,:,1,3,"
"
0,0,0,0
2,1,0,0
0,0,0,0
0,0,0,0
(,2,0,2,2,/,1,2,/,1,1, ,0,9,:,0,0,:,1,3,"
"
0,0,0,0
2,1,0,0
0,0,0,0
0,0,0,0
(,2,0,2,2,/,1,2,/,1,1, ,0,9,:,0,0,:,1,3,"
"
0,0,0,0
2,1,0,0
0,0,0,0
0,0,0,0
(,2,0,2,2,/,1,2,/,1,1, ,0,9,:,0,0,:,1,8,"
"
0,0,0,0
2,1,0,0
0,0,0,0
0,0,0,0
2,0,2,2,/,1,2,/,1,1, ,0,9,:,0,0,:,1,3,"
"
0,0,0,0
2,1,0,0
0,0,0,0
0,0,0,0
2,0,2,2,/,1,2,/,F,1, ,0,9,:,0,0,:,1,3,"
"
0,0,0,0
2,1,0,0
0,0,0,0
0,0,0,0
2,0,2,2,/,1,2,/,f,1, ,0,9,:,0,0,:,1,3,"
"
0,0,0,0
2,1,0,0
0,0,0,0
0,0,0,0
2,0,2,2,/,1,2,/,F,1, ,0,9,:,0,0,:,1,3,"
"
0,0,0,0
2,1,0,0
0,0,0,0
0,0,0,0
2,0,2,2,/,1,2,/,%,1, ,0,9,:,0,0,:,1,4,"
"
0,0,0,0
2,1,0,0
0,0,0,0
0,0,0,0
(,2,0,2,2,/,1,2,/,4,1, ,0,9,:,0,0,:,1,4,"
"
0,0,0,0
2,1,0,0
0,0,0,0
0,0,0,0
(,2,0,2,2,/,1,2,/,4,1, ,0,9,:,0,0,:,1,4,"
"
0,0,0,0
2,1,0,0
0,0,0,0
0,0,0,0
(,2,0,2,2,/,1, ,2,%,l,',1, ,0,9,:,0,0,:,1,4,"
"
0,0,0,0
2,1,0,0
0,0,0,0
0,0,0,0
(,2,0,2,2,/,1,2,%,6,F,1, ,0,9,:,0,0,:,1,4,"
"
0,0,0,0
2,1,0,0
0,0,0,0
0,0,0,0
(,2,0,2,2,/,1,2,4,{,%,1, ,0,9,:,0,0,:,1,4,"
"
0,0,0,0
2,1,0,0
0,0,0,0
0,0,0,0
(,2,0,2,2,/,1,2,{,1,1, ,0,9,:,0,0,:,1,4,"
"
0,0,0,0
2,1,0,0
0,0,0,0
0,0,0,0
(,2,0,2,2,/,1,2,/,4,1, ,0,9,:,0,0,:,1,4,"
"
0,0,0,0
2,1,0,0
0,0,0,0
0,0,0,0
2,0,2,2,/,1,2,/,1,1, ,0,9,:,0,0,:,1,4,"
"
0,0,0,0
3,1,0,0
0,0,0,0
0,0,0,0
(,2,0,2,2,/,1,2,/,1,1, ,0,9,:,0,0,:,1,4,"
"
0,0,0,0
3,1,0,0
0,0,0,0
0,0,0,0
(,2,0,2,2,/,1,2,/,1,1, ,0,9,:,0,0,:,1,4,"
"
0,0,0,0
3,1,0,0
0,0,0,0
0,0,0,0
(,2,0,2,2,/,1,2,/,1,1, ,0,9,:,0,0,:,1,4,"
"
0,0,0,0
3,1,0,0
0,0,0,0
0,0,0,0
(,2,0,2,2,/,1,2,/,1,1, ,0,9,:,0,0,:,1,4,"
"
0,0,0,0
3,1,0,0
0,0,0,0
0,0,0,0
2,0,2,2,/,1,2,/,1,1, ,0,9,:,0,0,:,1,4,"
"
0,0,0,0
3,1,0,0
0,0,0,0
0,0,0,0
2,0,2,2,7, ,2, ,/,l,a,l, ,0,9,:,0,0,:,1,4,"
"
0,0,0,0
3,1,0,0
0,0,0,0
0,0,0,0
(,2,0,2,2,/,1,2,/,1,1, ,0,9,:,0,0,:,1,4,"
"
0,0,0,0
3,1,0,0
0,0,0,0
0,0,0,0
(,2,0,2,2,/,1,2,/,1,1, ,0,9,:,0,0,:,1,4,"
"
0,0,0,0
3,1,0,0
0,0,0,0
0,0,0,0
(,2,0,2,2,/,1,2,/,1,1, ,0,9,:,0,0,:,1,4,"
"
0,0,0,0
3,1,0,0
0,0,0,0
0,0,0,0
(,2,0,2,2,/,1,2,/,1,1, ,0,9,:,0,0,:,1,4,"
"
0,0,0,0
3,1,0,0
0,0,0,0
0,0,0,0
(,2,0,2,2,/,1,2,/,1,1, ,0,9,:,0,0,:,1,4,"
"
0,0,0,0
3,1,0,0
0,0,0,0
0,0,0,0
(,2,0,2,2,/,1,2,/,1,1, ,0,9,:,0,0,:,1,4,"
"
0,0,0,0
3,1,0,0
0,0,0,0
0,0,0,0
(,2,0,2,2,/,1,2,/,1,1, ,0,9,:,0,0,:,1,4,"
"
0,0,0,0
3,1,0,0
0,0,0,0
0,0,0,0
(,2,0,2,2,/,1,2,/,1,1, ,0,9,:,0,0,:,1,4,"
"
0,0,0,0
3,1,0,0
0,0,0,0
0,0,0,0
(,2,0,2,2,/,1,2,/,1,1, ,0,9,:,0,0,:,1,4,"
"
0,0,0,0
3,1,0,0
0,0,0,0
0,0,0,0
(,2,0,2,2,/,1,2,/,1,1, ,0,9,:,0,0,:,1,4,"
"
0,0,0,0
3,1,0,0
0,0,0,0
0,0,0,0
(,2,0,2,2,/,1,2,/,1,1, ,0,9,:,0,0,:,1,5,"
"
0,0,0,0
3,1,0,0
0,0,0,0
0,0,0,0
2,0,2,2,/,1,2,/,1,1, ,0,9,:,0,0,:,1,5,"
"
0,0,0,0
3,1,0,0
0,0,0,0
0,0,0,0
2,0,2,2,/,1,2,/,1,1, ,0,9,:,0,0,:,1,5,"
"
0,0,0,0
3,1,0,0
0,0,0,0
0,0,0,0
2,0,2,2,/,1,2,/,1,1, ,0,9,:,0,0,:,1,5,"
"
0,0,0,0
3,1,0,0
0,0,0,0
0,0,0,0
2,0,2,2,/,1,2,/,1,1, ,0,9,:,0,0,:,1,5,"
"
0,0,0,0
3,1,0,0
0,0,0,0
0,0,0,0
2,0,2,2,/,1,2,/,1,1, ,0,9,:,0,0,:,1,5,"
"
0,0,0,0
3,1,0,0
0,0,0,0
0,0,0,0
2,0,2,2,/,1,2,/,1,1, ,0,9,:,0,0,:,1,5,"
"
0,0,0,0
3,1,0,0
0,0,0,0
0,0,0,0
2,0,2,2,/,1,2,/,1,1, ,0,9,:,0,0,:,1,5,"
"
0,0,0,0
3,1,0,0
0,0,0,0
0,0,0,0
2,0,2,2,/,1,2,/,1,1, ,0,9,:,0,0,:,1,5,"
"
0,0,0,0
3,1,0,0
0,0,0,0
0,0,0,0
(,2,0,2,2,/,1,2,/,1,1, ,0,9,:,0,0,:,1,5,"
"
0,0,0,0
3,1,0,0
0,0,0,0
0,0,0,0
(,2,0,2,2,/,1,2,/,1,1, ,0,9,:,0,0,:,1,5,"
"
0,0,0,0
3,1,0,0
0,0,0,0
0,0,0,0
(,2,0,2,2,/,1,2,/,1,1, ,0,9,:,0,0,:,1,5,"
"
0,0,0,0
3,1,0,0
0,0,0,0
0,0,0,0
(,2,0,2,2,/,1,2,/,1,1, ,0,9,:,0,0,:,1,5,"
"
0,0,0,0
3,1,0,0
0,0,0,0
0,0,0,0
(,2,0,2,2,/,1,2,/,1,1, ,0,9,:,0,0,:,1,5,"
"
0,0,0,0
3,1,0,0
0,0,0,0
0,0,0,0
(,2,0,2,2,/,1,2,/,1,1, ,0,9,:,0,0,:,1,5,"
"
0,0,0,0
3,1,0,0
0,0,0,0
0,0,0,0
(,2,0,2,2,/,1,2,/,1,1, ,0,9,:,0,0,:,1,5,"
"
0,0,0,0
3,1,0,0
0,0,0,0
0,0,0,0
(,2,0,2,2,/,1,2,/,1,1, ,0,9,:,0,0,:,1,5,"
"
0,0,0,0
3,1,0,0
0,0,0,0
0,0,0,0
(,2,0,2,2,/,1,2,/,1,1, ,0,9,:,0,0,:,1,5,"
"
0,0,0,0
3,1,0,0
0,0,0,0
0,0,0,0
(,2,0,2,2,/,1,2,/,1,1, ,0,9,:,0,0,:,1,5,"
"
0,0,0,0
3,1,0,0
0,0,0,0
0,0,0,0
(,2,0,2,2,/,1,2,/,1,1, ,0,9,:,0,0,:,1,5,"
"
0,0,0,0
3,1,0,0
0,0,0,0
0,0,0,0
(,2,0,2,2,/,1,2,/,1,1, ,0,9,:,0,0,:,1,5,"
"
0,0,0,0
3,1,0,0
0,0,0,0
0,0,0,0
(,2,0,2,2,/,1,2,/,1,1, ,0,9,:,0,0,:,1,5,"
"
0,0,0,0
3,1,0,0
0,0,0,0
0,0,0,0
(,2,0,2,2,/,1,2,/,1,1, ,0,9,:,0,0,:,1,5,"
"
0,0,0,0
3,1,0,0
0,0,0,0
0,0,0,0
(,2,0,2,2,/,1,2,/,1,1, ,0,9,:,0,0,:,1,5,"
"
0,0,0,0
3,1,0,0
0,0,0,0
0,0,0,0
(,2,0,2,2,/,1,2,/,1,1, ,0,9,:,0,0,:,1,5,"
"
0,0,0,0
3,1,0,0
0,0,0,0
0,0,0,0
(,2,0,2,2,/,1,2,/,1,1, ,0,9,:,0,0,:,1,6,"
"
0,0,0,0
3,1,0,0
0,0,0,0
0,0,0,0
2,0,2,2,/,1,2,/,1,1, ,0,9,:,0,0,:,1,6,"
"
0,0,0,0
3,1,0,0
0,0,0,0
0,0,0,0
(,2,0,2,2,/,1,2,/,1,1, ,0,9,:,0,0,:,1,6,"
"
0,0,0,0
3,1,0,0
0,0,0,0
0,0,0,0
(,2,0,2,2,/,1,2,/,1,1, ,0,9,:,0,0,:,1,6,"
"
0,0,0,0
3,1,0,0
0,0,0,0
0,0,0,0
(,2,0,2,2,/,1,2,/,1,1, ,0,9,:,0,0,:,1,6,"
"
0,0,0,0
3,1,0,0
0,0,0,0
0,0,0,0
(,2,0,2,2,/,1,2,/,1,1, ,0,9,:,0,0,:,1,6,"
"
0,0,0,0
3,1,0,0
0,0,0,0
0,0,0,0
(,2,0,2,2,/,1,2,/,1,1, ,0,9,:,0,0,:,1,6,"
"
0,0,0,0
3,1,0,0
0,0,0,0
0,0,0,0
(,2,0,2,2,/,1,2,/,1,1, ,0,9,:,0,0,:,1,6,"
"
0,0,0,0
3,1,0,0
0,0,0,0
0,0,0,0
(,2,0,2,2,/,1,2,/,1,1, ,0,9,:,0,0,:,1,6,"
"
0,0,0,0
3,1,0,0
0,0,0,0
0,0,0,0
(,2,0,2,2,/,1,2,/,1,1, ,0,9,:,0,0,:,1,6,"
"
0,0,0,0
3,1,0,0
0,0,0,0
0,0,0,0
(,2,0,2,2,/,1,2,/,1,1, ,0,9,:,0,0,:,1,6,"
"
0,0,0,0
3,1,0,0
0,0,0,0
0,0,0,0
(,2,0,2,2,/,1,2,/,1,1, ,0,9,:,0,0,:,1,6,"
"
0,0,0,0
3,1,0,0
0,0,0,0
0,0,0,0
(,2,0,2,2,/,1,2,/,1,1, ,0,9,:,0,0,:,1,6,"
"
0,0,0,0
3,1,0,0
0,0,0,0
0,0,0,0
(,2,0,2,2,/,1,2,/,1,1, ,0,9,:,0,0,:,1,6,"
"
0,0,0,0
3,1,0,0
0,0,0,0
0,0,0,0
(,2,0,2,2,/,1,2,/,1,1, ,0,9,:,0,0,:,1,6,"
"
0,0,0,0
3,1,0,0
0,0,0,0
0,0,0,0
(,2,0,2,2,/,1,2,/,1,1, ,0,9,:,0,0,:,1,6,"
"
0,0,0,0
3,1,0,0
0,0,0,0
0,0,0,0
(,2,0,2,2,/,1,2,/,1,1, ,0,9,:,0,0,:,1,6,"
"
0,0,0,0
3,1,0,0
0,0,0,0
0,0,0,0
2,0,2,2,/,1,2,/,1,1, ,0,9,:,0,0,:,1,6,"
"
0,0,0,0
3,1,0,0
0,0,0,0
0,0,0,0
2,0,2,2,/,1,2,/,1,1, ,0,9,:,0,0,:,1,6,"
"
0,0,0,0
3,1,0,0
0,0,0,0
0,0,0,0
2,0,2,2,/,1,2,/,1,1, ,0,9,:,0,0,:,1,6,"
"
0,0,0,0
3,1,0,0
0,0,0,0
0,0,0,0
2,0,2,2,/,1,2,/,1,1, ,0,9,:,0,0,:,1,6,"
"
0,0,0,0
3,1,0,0
0,0,0,0
0,0,0,0
2,0,2,2,/,1,2,/,1,1, ,0,9,:,0,0,:,1,6,"
"
0,0,0,0
3,1,0,0
0,0,0,0
0,0,0,0
2,0,2,2,/,1,2,/,1,1, ,0,9,:,0,0,:,1,6,"
"
0,0,0,0
3,1,0,0
0,0,0,0
0,0,0,0
(,2,0,2,2,/,1,2,/,1,1, ,0,9,:,0,0,:,1,6,"
"
0,0,0,0
3,1,0,0
0,0,0,0
0,0,0,0
(,2,0,2,2,/,1,2,/,1,1, ,0,9,:,0,0,:,1,6,"
"
0,0,0,0
3,1,0,0
0,0,0,0
0,0,0,0
(,2,0,2,2,/,1,2,/,1,1, ,0,9,:,0,0,:,1,7,"
"
0,0,0,0
3,1,0,0
0,0,0,0
0,0,0,0
2,0,2,2,/,1,2,/,1,1, ,0,9,:,0,0,:,1,7,"
"
0,0,0,0
3,1,0,0
0,0,0,0
0,0,0,0
2,0,2,2,/,1,2,/,1,1, ,0,9,:,0,0,:,1,7,"
"
0,0,0,0
3,1,0,0
0,0,0,0
0,0,0,0
2,0,2,2,/,1,2,/,1,1, ,0,9,:,0,0,:,1,7,"
"
0,0,0,0
3,1,0,0
0,0,0,0
0,0,0,0
2,0,2,2,/,1,2,/,1,1, ,0,9,:,0,0,:,1,7,"
"
0,0,0,0
3,1,0,0
0,0,0,0
0,0,0,0
2,0,2,2,/,1,2,/,1,1, ,0,9,:,0,0,:,1,7,"
"
0,0,0,0
3,1,0,0
0,0,0,0
0,0,0,0
2,0,2,2,/,1,2,/,1,1, ,0,9,:,0,0,:,1,7,"
"
0,0,0,0
3,1,0,0
0,0,0,0
0,0,0,0
2,0,2,2,/,1,2,/,1,1, ,0,9,:,0,0,:,1,7,"
"
0,0,0,0
3,1,0,0
0,0,0,0
0,0,0,0
2,0,2,2,/,1,2,/,1,1, ,0,9,:,0,0,:,1,7,"
"
0,0,0,0
3,1,0,0
0,0,0,0
0,0,0,0
2,0,2,2,/,1,2,/,1,1, ,0,9,:,0,0,:,1,7,"
"
0,0,0,0
3,1,0,0
0,0,0,0
0,0,0,0
2,0,2,2,/,1,2,/,1,1, ,0,9,:,0,0,:,1,7,"
"
0,0,0,0
3,1,0,0
0,0,0,0
0,0,0,0
2,0,2,2,/,1,2,/,1,1, ,0,9,:,0,0,:,1,7,"
"
0,0,0,0
3,1,0,0
0,0,0,0
0,0,0,0
2,0,2,2,/,1,2,/,1,1, ,0,9,:,0,0,:,1,7,"
"
0,0,0,0
3,1,0,0
0,0,0,0
0,0,0,0
2,0,2,2,/,1,2,/,1,1, ,0,9,:,0,0,:,1,7,"
"
0,0,0,0
3,1,0,0
0,0,0,0
0,0,0,0
2,0,2,2,/,1,2,/,1,1, ,0,9,:,0,0,:,1,7,"
"
0,0,0,0
3,1,0,0
0,0,0,0
0,0,0,0
2,0,2,2,/,1,2,/,1,1, ,0,9,:,0,0,:,1,7,"
"
0,0,0,0
3,1,0,0
0,0,0,0
0,0,0,0
2,0,2,2,/,1,2,/,1,1, ,0,9,:,0,0,:,1,7,"
"
0,0,0,0
3,1,0,0
0,0,0,0
0,0,0,0
2,0,2,2,/,1,2,/,1,1, ,0,9,:,0,0,:,1,7,"
"
0,0,0,0
3,1,0,0
0,0,0,0
0,0,0,0
2,0,2,2,/,1,2,/,1,1, ,0,9,:,0,0,:,1,7,"
"
0,0,0,0
3,1,0,0
0,0,0,0
0,0,0,0
2,0,2,2,/,1,2,/,1,1, ,0,9,:,0,0,:,1,7,"
"
0,0,0,0
3,1,0,0
0,0,0,0
0,0,0,0
2,0,2,2,/,1,2,/,1,1, ,0,9,:,0,0,:,1,7,"
"
0,0,0,0
3,1,0,0
0,0,0,0
0,0,0,0
2,0,2,2,/,1,2,/,1,1, ,0,9,:,0,0,:,1,7,"
"
0,0,0,0
3,1,0,0
0,0,0,0
0,0,0,0
2,0,2,2,/,1,2,/,1,1, ,0,9,:,0,0,:,1,7,"
"
0,0,0,0
3,1,0,0
0,0,0,0
0,0,0,0
(,2,0,2,2,/,1,2,/,1,1, ,0,9,:,0,0,:,1,7,"
"
0,0,0,0
3,1,0,0
0,0,0,0
0,0,0,0
(,2,0,2,2,/,1,2,/,1,1, ,0,9,:,0,0,:,1,7,"
"
0,0,0,0
3,1,0,0
0,0,0,0
0,0,0,0
(,2,0,2,2,/,1,2,/,1,1, ,0,9,:,0,0,:,1,8,"
"
0,0,0,0
3,1,0,0
0,0,0,0
0,0,0,0
(,2,0,2,2,/,1,2,/,1,1, ,0,9,:,0,0,:,1,8,"
"
0,0,0,0
3,1,0,0
0,0,0,0
0,0,0,0
(,2,0,2,2,/,1,2,/,1,1, ,0,9,:,0,0,:,1,8,"
"
0,0,0,0
3,1,0,0
0,0,0,0
0,0,0,0
(,2,0,2,2,/,1,2,/,1,1, ,0,9,:,0,0,:,1,8,"
"
0,0,0,0
3,1,0,0
0,0,0,0
0,0,0,0
(,2,0,2,2,/,1,2,/,1,1, ,0,9,:,0,0,:,1,8,"
"
0,0,0,0
3,1,0,0
0,0,0,0
0,0,0,0
(,2,0,2,2,/,1,2,/,1,1, ,0,9,:,0,0,:,1,8,"
"
0,0,0,0
3,1,0,0
0,0,0,0
0,0,0,0
(,2,0,2,2,/,1,2,/,1,1, ,0,9,:,0,0,:,1,8,"
"
0,0,0,0
3,1,0,0
0,0,0,0
0,0,0,0
(,2,0,2,2,/,1,2,/,1,1, ,0,9,:,0,0,:,1,8,"
"
0,0,0,0
3,1,0,0
0,0,0,0
0,0,0,0
(,2,0,2,2,/,1,2,/,1,1, ,0,9,:,0,0,:,1,8,"
"
0,0,0,0
3,1,0,0
0,0,0,0
0,0,0,0
(,2,0,2,2,/,1,2,/,1,1, ,0,9,:,0,0,:,1,8,"
"
0,0,0,0
3,1,0,0
0,0,0,0
0,0,0,0
(,2,0,2,2,/,1,2,/,1,1, ,0,9,:,0,0,:,1,8,"
"
0,0,0,0
3,1,0,0
0,0,0,0
0,0,0,0
(,2,0,2,2,/,1,2,/,1,1, ,0,9,:,0,0,:,1,8,"
"
0,0,0,0
3,1,0,0
0,0,0,0
0,0,0,0
(,2,0,2,2,/,1,2,/,1,1, ,0,9,:,0,0,:,1,8,"
"
0,0,0,0
3,1,0,0
0,0,0,0
0,0,0,0
(,2,0,2,2,/,1,2,/,1,1, ,0,9,:,0,0,:,1,8,"
"
0,0,0,0
3,1,0,0
0,0,0,0
0,0,0,0
(,2,0,2,2,/,1,2,/,1,1, ,0,9,:,0,0,:,1,8,"
"
0,0,0,0
3,1,0,0
0,0,0,0
0,0,0,0
(,2,0,2,2,/,1,2,/,1,1, ,0,9,:,0,0,:,1,8,"
"
0,0,0,0
3,1,0,0
0,0,0,0
0,0,0,0
(,2,0,2,2,/,1,2,/,1,1, ,0,9,:,0,0,:,1,8,"
"
0,0,0,0
3,1,0,0
0,0,0,0
0,0,0,0
(,2,0,2,2,/,1,2,/,1,1, ,0,9,:,0,0,:,1,8,"
"
0,0,0,0
3,1,0,0
0,0,0,0
0,0,0,0
(,2,0,2,2,/,1,2,/,1,1, ,0,9,:,0,0,:,1,8,"
"
0,0,0,0
3,1,0,0
0,0,0,0
0,0,0,0
(,2,0,2,2,/,1,2,/,1,1, ,0,9,:,0,0,:,1,8,"
"
0,0,0,0
3,1,0,0
0,0,0,0
0,0,0,0
(,2,0,2,2,/,1,2,/,1,1, ,0,9,:,0,0,:,1,8,"
"
0,0,0,0
3,1,0,0
0,0,0,0
0,0,0,0
(,2,0,2,2,/,1,2,/,1,1, ,0,9,:,0,0,:,1,8,"
"
0,0,0,0
3,1,0,0
0,0,0,0
0,0,0,0
(,2,0,2,2,/,1,2,/,1,1, ,0,9,:,0,0,:,1,8,"
"
0,0,0,0
3,1,0,0
0,0,0,0
0,0,0,0
(,2,0,2,2,/,1,2,/,1,1, ,0,9,:,0,0,:,1,8,"
"
0,0,0,0
3,1,0,0
0,0,0,0
0,0,0,0
(,2,0,2,2,/,1,2,/,1,1, ,0,9,:,0,0,:,1,8,"
"
0,0,0,0
3,1,0,0
0,0,0,0
0,0,0,0
2,0,2,2,/,1,2,/,1,1, ,0,9,:,0,0,:,1,9,"
"
0,0,0,0
3,1,0,0
0,0,0,0
0,0,0,0
(,2,0,2,2,/,1,2,/,1,1, ,0,9,:,0,0,:,1,9,"
"
0,0,0,0
3,1,0,0
0,0,0,0
0,0,0,0
(,2,0,2,2,/,1,2,/,1,1, ,0,9,:,0,0,:,1,9,"
"
0,0,0,0
3,1,0,0
0,0,0,0
0,0,0,0
2,0,2,2,/,1,2,/,1,1, ,0,9,:,0,0,:,1,9,"
"
0,0,0,0
3,1,0,0
0,0,0,0
0,0,0,0
(,2,0,2,2,/,1,2,/,1,1, ,0,9,:,0,0,:,1,9,"
"
0,0,0,0
3,1,0,0
0,0,0,0
0,0,0,0
2,0,2,2,/,1,2,/,1,1, ,0,9,:,0,0,:,1,9,"
"
0,0,0,0
3,1,0,0
0,0,0,0
0,0,0,0
(,2,0,2,2,/,1,2,/,1,1, ,0,9,:,0,0,:,1,9,"
"
0,0,0,0
3,1,0,0
0,0,0,0
0,0,0,0
(,2,0,2,2,/,1,2,/,1,1, ,0,9,:,0,0,:,1,9,"
"
0,0,0,0
3,1,0,0
0,0,0,0
0,0,0,0
2,0,2,2,/,1,2,/,1,1, ,0,9,:,0,0,:,1,9,"
"
0,0,0,0
3,1,0,0
0,0,0,0
0,0,0,0
2,0,2,2,/,1,2,/,1,1, ,0,9,:,0,0,:,1,9,"
"
0,0,0,0
3,1,0,0
0,0,0,0
0,0,0,0
2,0,2,2,/,1,2,/,1,1, ,0,9,:,0,0,:,1,9,"
"
0,0,0,0
3,1,0,0
0,0,0,0
0,0,0,0
2,0,2,2,/,1,2,/,1,1, ,0,9,:,0,0,:,1,9,"
"
0,0,0,0
3,1,0,0
0,0,0,0
0,0,0,0
(,2,0,2,2,/,1,2,/,1,1, ,0,9,:,0,0,:,1,9,"
"
0,0,0,0
3,1,0,0
0,0,0,0
0,0,0,0
(,2,0,2,2,/,1,2,/,1,1, ,0,9,:,0,0,:,1,9,"
"
0,0,0,0
3,1,0,0
0,0,0,0
0,0,0,0
(,2,0,2,2,/,1,2,/,1,1, ,0,9,:,0,0,:,1,9,"
"
0,0,0,0
3,1,0,0
0,0,0,0
0,0,0,0
(,2,0,2,2,/,1,2,/,1,1, ,0,9,:,0,0,:,1,9,"
"
0,0,0,0
3,1,0,0
0,0,0,0
0,0,0,0
(,2,0,2,2,/,1,2,/,1,1, ,0,9,:,0,0,:,1,9,"
"
0,0,0,0
3,1,0,0
0,0,0,0
0,0,0,0
(,2,0,2,2,/,1,2,/,1,1, ,0,9,:,0,0,:,1,9,"
"
0,0,0,0
3,1,0,0
0,0,0,0
0,0,0,0
(,2,0,2,2,/,1,2,/,1,1, ,0,9,:,0,0,:,1,9,"
"
0,0,0,0
3,1,0,0
0,0,0,0
0,0,0,0
2,0,2,2,/,1,2,/,1,1, ,0,9,:,0,0,:,1,9,"
"
0,0,0,0
3,1,0,0
0,0,0,0
0,0,0,0
(,2,0,2,2,/,1,2,/,1,1, ,0,9,:,0,0,:,1,9,"
"
0,0,0,0
3,1,0,0
0,0,0,0
0,0,0,0
2,0,2,2,/,1,2,/,1,1, ,0,9,:,0,0,:,1,9,"
"
0,0,0,0
3,1,0,0
0,0,0,0
0,0,0,0
2,0,2,2,/,1,2,/,1,1, ,0,9,:,0,0,:,1,9,"
"
0,0,0,0
3,1,0,0
0,0,0,0
0,0,0,0
2,0,2,2,/,1,2,/,1,1, ,0,9,:,0,0,:,1,9,"
"
0,0,0,0
3,1,0,0
0,0,0,0
0,0,0,0
2,0,2,2,/,1,2,/,1,1, ,0,9,:,0,0,:,1,9,"
"
0,0,0,0
3,1,0,0
0,0,0,0
0,0,0,0
2,0,2,2,/,1,2,/,1,1, ,0,9,:,0,0,:,2,0,"
"
0,0,0,0
3,1,0,0
0,0,0,0
0,0,0,0
2,0,2,2,/,1,2,/,1,1, ,0,9,:,0,0,:,2,0,"
"
0,0,0,0
3,1,0,0
0,0,0,0
0,0,0,0
(,2,0,2,2,/,1,2,/,1,1, ,0,9,:,0,0,:,2,0,"
"
0,0,0,0
3,1,0,0
0,0,0,0
0,0,0,0
(,2,0,2,2,/,1,2,/,1,1, ,0,9,:,0,0,:,2,0,"
"
0,0,0,0
3,1,0,0
0,0,0,0
0,0,0,0
2,0,2,2,/,1,2,/,1,1, ,0,9,:,0,0,:,2,0,"
"
0,0,0,0
3,1,0,0
0,0,0,0
0,0,0,0
2,0,2,2,/,1,2,/,1,1, ,0,9,:,0,0,:,2,0,"
"
0,0,0,0
3,1,0,0
0,0,0,0
0,0,0,0
(,2,0,2,2,/,1,2,/,1,1, ,0,9,:,0,0,:,2,0,"
"
0,0,0,0
3,1,0,0
0,0,0,0
0,0,0,0
(,2,0,2,2,/,1,2,/,1,1, ,0,9,:,0,0,:,2,0,"
"
0,0,0,0
3,1,0,0
0,0,0,0
0,0,0,0
(,2,0,2,2,/,1,2,/,1,1, ,0,9,:,0,0,:,2,0,"
"
0,0,0,0
3,1,0,0
0,0,0,0
0,0,0,0
2,0,2,2,/,1,2,/,1,1, ,0,9,:,0,0,:,2,0,"
"
0,0,0,0
3,1,0,0
0,0,0,0
0,0,0,0
2,0,2,2,/,1,2,/,1,1, ,0,9,:,0,0,:,2,0,"
"
0,0,0,0
3,1,0,0
0,0,0,0
0,0,0,0
2,0,2,2,/,1,2,/,1,1, ,0,9,:,0,0,:,2,0,"
"
0,0,0,0
3,1,0,0
0,0,0,0
0,0,0,0
(,2,0,2,2,/,1,2,/,1,1, ,0,9,:,0,0,:,2,0,"
"
0,0,0,0
3,1,0,0
0,0,0,0
0,0,0,0
2,0,2,2,/,1,2,/,1,1, ,0,9,:,0,0,:,2,0,"
"
0,0,0,0
3,1,0,0
0,0,0,0
0,0,0,0
(,2,0,2,2,/,1,2,/,1,1, ,0,9,:,0,0,:,2,0,"
"
0,0,0,0
3,1,0,0
0,0,0,0
0,0,0,0
(,2,0,2,2,/,1,2,/,1,1, ,0,9,:,0,0,:,2,0,"
"
0,0,0,0
3,1,0,0
0,0,0,0
0,0,0,0
2,0,2,2,/,1,2,/,1,1, ,0,9,:,0,0,:,2,0,"
"
0,0,0,0
3,1,0,0
0,0,0,0
0,0,0,0
(,2,0,2,2,/,1,2,/,1,1, ,0,9,:,0,0,:,2,0,"
"
0,0,0,0
3,1,0,0
0,0,0,0
0,0,0,0
(,2,0,2,2,/,1,2,/,1,1, ,0,9,:,0,0,:,2,0,"
"
0,0,0,0
3,1,0,0
0,0,0,0
0,0,0,0
(,2,0,2,2,/,1,2,/,1,1, ,0,9,:,0,0,:,2,0,"
"
0,0,0,0
3,1,0,0
0,0,0,0
0,0,0,0
2,0,2,2,/,1,2,/,1,1, ,0,9,:,0,0,:,2,0,"
"
0,0,0,0
3,1,0,0
0,0,0,0
0,0,0,0
(,2,0,2,2,/,1,2,/,1,1, ,0,9,:,0,0,:,2,0,"
"
0,0,0,0
3,1,0,0
0,0,0,0
0,0,0,0
(,2,0,2,2,/,1,2,/,1,1, ,0,9,:,0,0,:,2,0,"
"
0,0,0,0
3,1,0,0
0,0,0,0
0,0,0,0
(,2,0,2,2,/,1,2,/,1,1, ,0,9,:,0,0,:,2,0,"
"
0,0,0,0
3,1,0,0
0,0,0,0
0,0,0,0
(,2,0,2,2,/,1,2,/,1,1, ,0,9,:,0,0,:,2,0,"
"
0,0,0,0
3,1,0,0
0,0,0,0
0,0,0,0
(,2,0,2,2,/,1,2,/,1,1, ,0,9,:,0,0,:,2,1,"
"
0,0,0,0
3,1,0,0
0,0,0,0
0,0,0,0
(,2,0,2,2,/,1,2,/,1,1, ,0,9,:,0,0,:,2,1,"
"
0,0,0,0
3,1,0,0
0,0,0,0
0,0,0,0
(,2,0,2,2,/,1,2,/,1,1, ,0,9,:,0,0,:,2,1,"
"
0,0,0,0
3,1,0,0
0,0,0,0
0,0,0,0
(,2,0,2,2,/,1,2,/,1,1, ,0,9,:,0,0,:,2,1,"
"
0,0,0,0
3,1,0,0
0,0,0,0
0,0,0,0
(,2,0,2,2,/,1,2,/,1,1, ,0,9,:,0,0,:,2,1,"
"
0,0,0,0
3,1,0,0
0,0,0,0
0,0,0,0
(,2,0,2,2,/,1,2,/,1,1, ,0,9,:,0,0,:,2,1,"
"
0,0,0,0
3,1,0,0
0,0,0,0
0,0,0,0
(,2,0,2,2,/,1,2,/,1,1, ,0,9,:,0,0,:,2,1,"
"
0,0,0,0
3,1,0,0
0,0,0,0
0,0,0,0
2,0,2,2,/,1,2,/,1,1, ,0,9,:,0,0,:,2,1,"
"
0,0,0,0
3,1,0,0
0,0,0,0
0,0,0,0
2,0,2,2,/,1,2,/,1,1, ,0,9,:,0,0,:,2,1,"
"
0,0,0,0
3,1,0,0
0,0,0,0
0,0,0,0
2,0,2,2,/,1,2,/,1,1, ,0,9,:,0,0,:,2,1,"
"
0,0,0,0
3,1,0,0
0,0,0,0
0,0,0,0
(,2,0,2,2,/,1,2,/,1,1, ,0,9,:,0,0,:,2,1,"
"
0,0,0,0
3,1,0,0
0,0,0,0
0,0,0,0
(,2,0,2,2,/,1,2,/,1,1, ,0,9,:,0,0,:,2,1,"
"
0,0,0,0
3,1,0,0
0,0,0,0
0,0,0,0
(,2,0,2,2,/,1,2,/,1,1, ,0,9,:,0,0,:,2,1,"
"
0,0,0,0
3,1,0,0
0,0,0,0
0,0,0,0
(,2,0,2,2,/,1,2,/,1,1, ,0,9,:,0,0,:,2,1,"
"
0,0,0,0
3,1,0,0
0,0,0,0
0,0,0,0
(,2,0,2,2,/,1,2,/,1,1, ,0,9,:,0,0,:,2,1,"
"
0,0,0,0
3,1,0,0
0,0,0,0
0,0,0,0
(,2,0,2,2,/,1,2,/,1,1, ,0,9,:,0,0,:,2,1,"
"
0,0,0,0
3,1,0,0
0,0,0,0
0,0,0,0
(,2,0,2,2,/,1,2,/,1,1, ,0,9,:,0,0,:,2,1,"
"
0,0,0,0
3,1,0,0
0,0,0,0
0,0,0,0
2,0,2,2,/,1,2,/,1,1, ,0,9,:,0,0,:,2,1,"
"
0,0,0,0
3,1,0,0
0,0,0,0
0,0,0,0
2,0,2,2,/,1,2,/,1,1, ,0,9,:,0,0,:,2,1,"
"
0,0,0,0
3,1,0,0
0,0,0,0
0,0,0,0
2,0,2,2,/,1,2,/,1,1, ,0,9,:,0,0,:,2,1,"
"
0,0,0,0
3,1,0,0
0,0,0,0
0,0,0,0
2,0,2,2,/,1,2,/,1,1, ,0,9,:,0,0,:,2,1,"
"
0,0,0,0
3,1,0,0
0,0,0,0
0,0,0,0
(,2,0,2,2,/,1,2,/,1,1, ,0,9,:,0,0,:,2,1,"
"
0,0,0,0
3,1,0,0
0,0,0,0
0,0,0,0
(,2,0,2,2,/,1,2,/,1,1, ,0,9,:,0,0,:,2,1,"
"
0,0,0,0
3,1,0,0
0,0,0,0
0,0,0,0
2,0,2,2,/,1,2,/,1,1, ,0,9,:,0,0,:,2,1,"
"
0,0,0,0
3,1,0,0
0,0,0,0
0,0,0,0
2,0,2,2,/,1,2,/,1,1, ,0,9,:,0,0,:,2,1,"
"
0,0,0,0
3,1,0,0
0,0,0,0
0,0,0,0
(,2,0,2,2,/,1,2,/,1,1, ,0,9,:,0,0,:,2,2,"
"
0,0,0,0
3,1,0,0
0,0,0,0
0,0,0,0
(,2,0,2,2,/,1,2,/,1,1, ,0,9,:,0,0,:,2,2,"
"
0,0,0,0
3,1,0,0
0,0,0,0
0,0,0,0
(,2,0,2,2,/,1,2,/,1,1, ,0,9,:,0,0,:,2,2,"
"
0,0,0,0
3,1,0,0
0,0,0,0
0,0,0,0
(,2,0,2,2,/,1,2,/,1,1, ,0,9,:,0,0,:,2,2,"
"
0,0,0,0
3,1,0,0
0,0,0,0
0,0,0,0
(,2,0,2,2,/,1,2,/,1,1, ,0,9,:,0,0,:,2,2,"
"
0,0,0,0
3,1,0,0
0,0,0,0
0,0,0,0
(,2,0,2,2,/,1,2,/,1,1, ,0,9,:,0,0,:,2,2,"
"
0,0,0,0
3,1,0,0
0,0,0,0
0,0,0,0
(,2,0,2,2,/,1,2,/,1,1, ,0,9,:,0,0,:,2,2,"
"
0,0,0,0
3,1,0,0
0,0,0,0
0,0,0,0
(,2,0,2,2,/,1,2,/,1,1, ,0,9,:,0,0,:,2,2,"
"
0,0,0,0
3,1,0,0
0,0,0,0
0,0,0,0
(,2,0,2,2,/,1,2,/,1,1, ,0,9,:,0,0,:,2,2,"
"
0,0,0,0
3,1,0,0
0,0,0,0
0,0,0,0
(,2,0,2,2,/,1,2,/,1,1, ,0,9,:,0,0,:,2,2,"
"
0,0,0,0
3,1,0,0
0,0,0,0
0,0,0,0
(,2,0,2,2,/,1,2,/,1,1, ,0,9,:,0,0,:,2,2,"
"
0,0,0,0
3,1,0,0
0,0,0,0
0,0,0,0
(,2,0,2,2,/,1,2,/,1,1, ,0,9,:,0,0,:,2,2,"
"
0,0,0,0
3,1,0,0
0,0,0,0
0,0,0,0
(,2,0,2,2,/,1,2,/,1,1, ,0,9,:,0,0,:,2,2,"
"
0,0,0,0
3,1,0,0
0,0,0,0
0,0,0,0
2,0,2,2,/,1,2,/,1,1, ,0,9,:,0,0,:,2,2,"
"
0,0,0,0
3,1,0,0
0,0,0,0
0,0,0,0
(,2,0,2,2,/,1,2,/,1,1, ,0,9,:,0,0,:,2,2,"
"
0,0,0,0
3,1,0,0
0,0,0,0
0,0,0,0
(,2,0,2,2,/,1,2,/,1,1, ,0,9,:,0,0,:,2,2,"
"
0,0,0,0
3,1,0,0
0,0,0,0
0,0,0,0
(,2,0,2,2,/,1,2,/,1,1, ,0,9,:,0,0,:,2,2,"
"
0,0,0,0
3,1,0,0
0,0,0,0
0,0,0,0
(,2,0,2,2,/,1,2,/,1,1, ,0,9,:,0,0,:,2,2,"
"
0,0,0,0
3,1,0,0
0,0,0,0
0,0,0,0
(,2,0,2,2,/,1,2,/,1,1, ,0,9,:,0,0,:,2,2,"
"
0,0,0,0
3,1,0,0
0,0,0,0
0,0,0,0
(,2,0,2,2,/,1,2,/,1,1, ,0,9,:,0,0,:,2,2,"
"
0,0,0,0
3,1,0,0
0,0,0,0
0,0,0,0
(,2,0,2,2,/,1,2,/,1,1, ,0,9,:,0,0,:,2,2,"
"
0,0,0,0
3,1,0,0
0,0,0,0
0,0,0,0
(,2,0,2,2,/,1,2,/,1,1, ,0,9,:,0,0,:,2,2,"
"
0,0,0,0
3,1,0,0
0,0,0,0
0,0,0,0
(,2,0,2,2,/,1,2,/,1,1, ,0,9,:,0,0,:,2,2,"
"
0,0,0,0
3,1,0,0
0,0,0,0
0,0,0,0
(,2,0,2,2,/,1,2,/,1,1, ,0,9,:,0,0,:,2,2,"
"
0,0,0,0
3,1,0,0
0,0,0,0
0,0,0,0
(,2,0,2,2,/,1,2,/,1,1, ,0,9,:,0,0,:,2,2,"
"
0,0,0,0
3,1,0,0
0,0,0,0
0,0,0,0
(,2,0,2,2,/,1,2,/,1,1, ,0,9,:,0,0,:,2,8,"
"
0,0,0,0
3,1,0,0
0,0,0,0
0,0,0,0
(,2,0,2,2,/,1,2,/,1,1, ,0,9,:,0,0,:,2,3,"
"
0,0,0,0
3,1,0,0
0,0,0,0
0,0,0,0
(,2,0,2,2,/,1,2,/,1,1, ,0,9,:,0,0,:,2,3,"
"
0,0,0,0
3,1,0,0
0,0,0,0
0,0,0,0
(,2,0,2,2,/,1,2,/,1,1, ,0,9,:,0,0,:,2,3,"
"
0,0,0,0
3,1,0,0
0,0,0,0
0,0,0,0
(,2,0,2,2,/,1,2,/,1,1, ,0,9,:,0,0,:,2,3,"
"
0,0,0,0
3,1,0,0
0,0,0,0
0,0,0,0
(,2,0,2,2,/,1,2,/,1,1, ,0,9,:,0,0,:,2,3,"
"
0,0,0,0
3,1,0,0
0,0,0,0
0,0,0,0
(,2,0,2,2,/,1,2,/,1,1, ,0,9,:,0,0,:,2,3,"
"
0,0,0,0
3,1,0,0
0,0,0,0
0,0,0,0
(,2,0,2,2,/,1,2,/,1,1, ,0,9,:,0,0,:,2,3,"
"
0,0,0,0
3,1,0,0
0,0,0,0
0,0,0,0
(,2,0,2,2,/,1,2,/,1,1, ,0,9,:,0,0,:,2,3,"
"
0,0,0,0
3,1,0,0
0,0,0,0
0,0,0,0
(,2,0,2,2,/,1,2,/,1,1, ,0,9,:,0,0,:,2,3,"
"
0,0,0,0
3,1,0,0
0,0,0,0
0,0,0,0
(,2,0,2,2,/,1,2,/,1,1, ,0,9,:,0,0,:,2,3,"
"
0,0,0,0
3,1,0,0
0,0,0,0
0,0,0,0
(,2,0,2,2,/,1,2,/,1,1, ,0,9,:,0,0,:,2,3,"
"
0,0,0,0
3,1,0,0
0,0,0,0
0,0,0,0
(,2,0,2,2,/,1,2,/,1,1, ,0,9,:,0,0,:,2,3,"
"
0,0,0,0
3,1,0,0
0,0,0,0
0,0,0,0
(,2,0,2,2,/,1,2,/,1,1, ,0,9,:,0,0,:,2,3,"
"
0,0,0,0
3,1,0,0
0,0,0,0
0,0,0,0
(,2,0,2,2,/,1,2,/,1,1, ,0,9,:,0,0,:,2,3,"
"
0,0,0,0
3,1,0,0
0,0,0,0
0,0,0,0
(,2,0,2,2,/,1,2,/,1,1, ,0,9,:,0,0,:,2,3,"
"
0,0,0,0
3,1,0,0
0,0,0,0
0,0,0,0
(,2,0,2,2,/,1,2,/,1,1, ,0,9,:,0,0,:,2,3,"
"
0,0,0,0
3,1,0,0
0,0,0,0
0,0,0,0
(,2,0,2,2,/,1,2,/,1,1, ,0,9,:,0,0,:,2,3,"
"
0,0,0,0
3,1,0,0
0,0,0,0
0,0,0,0
(,2,0,2,2,/,1,2,/,1,1, ,0,9,:,0,0,:,2,3,"
"
0,0,0,0
3,1,0,0
0,0,0,0
0,0,0,0
(,2,0,2,2,/,1,2,/,1,1, ,0,9,:,0,0,:,2,3,"
"
0,0,0,0
3,1,0,0
0,0,0,0
0,0,0,0
(,2,0,2,2,/,1,2,/,1,1, ,0,9,:,0,0,:,2,3,"
"
0,0,0,0
3,1,0,0
0,0,0,0
0,0,0,0
(,2,0,2,2,/,1,2,/,1,1, ,0,9,:,0,0,:,2,3,"
"
0,0,0,0
3,1,0,0
0,0,0,0
0,0,0,0
(,2,0,2,2,/,1,2,/,1,1, ,0,9,:,0,0,:,2,3,"
"
0,0,0,0
3,1,0,0
0,0,0,0
0,0,0,0
(,2,0,2,2,/,1,2,/,1,1, ,0,9,:,0,0,:,2,3,"
"
0,0,0,0
3,1,0,0
0,0,0,0
0,0,0,0
(,2,0,2,2,/,1,2,/,1,1, ,0,9,:,0,0,:,2,3,"
"
0,0,0,0
3,1,0,0
0,0,0,0
0,0,0,0
(,2,0,2,2,/,1,2,/,1,1, ,0,9,:,0,0,:,2,4,"
"
0,0,0,0
3,1,0,0
0,0,0,0
0,0,0,0
(,2,0,2,2,/,1,2,/,1,1, ,0,9,:,0,0,:,2,4,"
"
0,0,0,0
3,1,0,0
0,0,0,0
0,0,0,0
(,2,0,2,2,/,1,2,/,1,1, ,0,9,:,0,0,:,2,4,"
"
0,0,0,0
3,1,0,0
0,0,0,0
0,0,0,0
(,2,0,2,2,/,1,2,/,1,1, ,0,9,:,0,0,:,2,4,"
"
0,0,0,0
3,1,0,0
0,0,0,0
0,0,0,0
(,2,0,2,2,/,1,2,/,1,1, ,0,9,:,0,0,:,2,4,"
"
0,0,0,0
3,1,0,0
0,0,0,0
0,0,0,0
(,2,0,2,2,/,%,2,/,1,1, ,0,9,:,0,0,:,2,4,"
"
0,0,0,0
3,1,0,0
0,0,0,0
0,0,0,0
(,2,0,2,2,/,7,2,/,1,1, ,0,9,:,0,0,:,2,4,"
"
0,0,0,0
3,1,0,0
0,0,0,0
0,0,0,0
(,2,0,2,2,/,8,2,/,1,1, ,0,9,:,0,0,:,2,4,"
"
0,0,0,0
3,1,0,0
0,0,0,0
0,0,0,0
(,2,0,2,2,/,%,2,/,1,1, ,0,9,:,0,0,:,2,4,"
"
0,0,0,0
3,1,0,0
0,0,0,0
0,0,0,0
(,2,0,2,2,/,¥,2,/,1,1, ,0,9,:,0,0,:,2,4,"
"
0,0,0,0
3,1,0,0
0,0,0,0
0,0,0,0
(,2,0,2,2,/,¥,2,/,1,1, ,0,9,2,0,0,:,2,4,"
"
0,0,0,0
3,1,0,0
0,0,0,0
0,0,0,0
(,2,0,2,2,/,9,2,/,1,1, ,0,9,:,0,0,:,2,4,"
"
0,0,0,0
3,1,0,0
0,0,0,0
0,0,0,0
(,2,0,2,2,/,8,2,/,1,1, ,0,9,%,:,0,0,:,2,4,"
"
0,0,0,0
3,1,0,0
0,0,0,0
0,0,0,0
(,2,0,2,2,/,8,2,/,1,1, ,0,9,%,:,0,0,:,2,4,"
"
0,0,0,0
3,1,0,0
0,0,0,0
0,0,0,0
(,2,0,2,2,f,m,i,2,/,1,1, ,0,9,:,0,0,:,2,4,"
"
0,0,0,0
3,1,0,0
0,0,0,0
0,0,0,0
(,2,0,2,2,f,m,2,/,1,1, ,0,9,:,0,0,:,2,4,"
"
0,0,0,0
3,1,0,0
0,0,0,0
0,0,0,0
2,0,2,2,f,a,2,/,1,1, ,0,F,:,0,0,:,2,4,"
"
0,0,0,0
3,1,0,0
0,0,0,0
0,0,0,0
(,2,0,2,2,/,1,2,/,1,1, ,0,F,:,0,0,:,2,4,"
"
0,0,0,0
3,1,0,0
0,0,0,0
0,0,0,0
2,0,2,2,/,1, ,2,/,1,1, ,0,F,:,0,0,:,2,4,"
"
0,0,0,0
3,1,0,0
0,0,0,0
0,0,0,0
2,0,2,2,/,1,2,/,1,1, ,0,9,:,0,0,:,2,4,"
"
0,0,0,0
3,1,0,0
0,0,0,0
0,0,0,0
2,0,2,2,/,1,2,/,1,1, ,0,6,:,0,0,:,2,4,"
"
0,0,0,0
3,1,0,0
0,0,0,0
0,0,0,0
2,0,2,2,/,1,2,/,1,1, ,0,@,:,0,0,:,2,4,"
",i,a,"
"
0,0,0,0
3,1,0,0
0,0,0,0
0,0,0,0
2,0,2,2,/,1,2,/,1,1, ,0,9,:,0,0,:,2,4,"
"
0,0,0,0
3,1,0,0
0,0,0,0
0,0,0,0
2,0,2,2,/,1,2,/,1,1, ,0,9,:,0,0,:,2,4,"
"
0,0,0,0
3,1,0,0
0,0,0,0
0,0,0,0
2,0,2,2,/,1,2,/,1,1, ,0,9,:,0,0,:,2,4,"
"
0,0,0,0
3,1,0,0
0,0,0,0
0,0,0,0
2,0,2,2,/,1,2,/,1,1, ,0,9,:,0,0,:,2,5,"
"
0,0,0,0
3,1,0,0
0,0,0,0
0,0,0,0
2,0,2,2,/,1,2,/,1,1, ,0,9,:,0,0,:,2,5,"
",a,h, ,—,"
"
0,0,0,0
3,1,0,0
0,0,0,0
0,0,0,0
(,2,0,2,2,/,1,2,/,1,1, ,0,9,:,0,0,:,2,5,"
",a,e, ,v,a,"
"
0,0,0,0
3,1,0,0
0,0,0,0
0,0,0,0
(,2,0,2,2,/,1,2,/,1,1, ,0,9,:,0,0,:,2,5,"
"
0,0,0,0
3,1,0,0
0,0,0,0
0,0,0,0
(,2,0,2,2,/,1,2,/,1,1, ,0,9,:,0,0,:,2,5,"
"
0,0,0,0
3,1,0,0
0,0,0,0
0,0,0,0
(,2,0,2,2,/,1,2,/,1,1, ,0,9,:,0,0,:,2,5,"
"
0,0,0,0
3,1,0,0
0,0,0,0
0,0,0,0
(,2,0,2,2,/,1,2,/,1,1, ,0,9,:,0,0,:,2,5,"
"
0,0,0,0
3,1,0,0
0,0,0,0
0,0,0,0
(,2,0,2,2,/,1,2,/,1,1, ,0,9,:,0,0,:,2,5,"
"
0,0,0,0
3,1,0,0
0,0,0,0
0,0,0,0
(,2,0,2,2,/,1,2,/,1,1, ,0,9,:,0,0,:,2,5,"
"
0,0,0,0
3,1,0,0
0,0,0,0
0,0,0,0
(,2,0,2,2,/,1,2,/,1,1, ,0,9,:,0,0,:,2,5,"
"
0,0,0,0
3,1,0,0
0,0,0,0
0,0,0,0
(,2,0,2,2,/,1,2,/,1,1, ,0,9,:,0,0,:,2,5,"
"
0,0,0,0
3,1,0,0
0,0,0,0
0,0,0,0
(,2,0,2,2,/,1,2,/,1,1, ,0,9,:,0,0,:,2,5,"
"
0,0,0,0
3,1,0,0
0,0,0,0
0,0,0,0
(,2,0,2,2,/,1,2,/,1,1, ,0,9,:,0,0,:,2,5,"
"
0,0,0,0
3,1,0,0
0,0,0,0
0,0,0,0
(,2,0,2,2,/,1,2,/,1,1, ,0,9,:,0,0,:,2,5,"
"
0,0,0,0
3,1,0,0
0,0,0,0
0,0,0,0
2,0,2,2,/,1,2,/,1,1, ,0,9,:,0,0,:,2,5,"
"
0,0,0,0
3,1,0,0
0,0,0,0
0,0,0,0
2,0,2,2,/,1,2,/,1,1, ,0,9,:,0,0,:,2,5,"
"
0,0,0,0
3,1,0,0
0,0,0,0
0,0,0,0
2,0,2,2,/,1,2,/,1,1, ,0,9,:,0,0,:,2,5,"
"
0,0,0,0
3,1,0,0
0,0,0,0
0,0,0,0
2,0,2,2,/,1,2,/,1,1, ,0,9,:,0,0,:,2,5,"
"
0,0,0,0
3,1,0,0
0,0,0,0
0,0,0,0
2,0,2,2,/,1,2,/,1,1, ,0,9,:,0,0,:,2,5,"
"
0,0,0,0
3,1,0,0
0,0,0,0
0,0,0,0
2,0,2,2,/,1,2,/,1,1, ,0,9,:,0,0,:,2,5,"
"
0,0,0,0
3,1,0,0
0,0,0,0
0,0,0,0
(,2,0,2,2,/,1,2,/,1,1, ,0,9,:,0,0,:,2,5,"
"
0,0,0,0
3,1,0,0
0,0,0,0
0,0,0,0
(,2,0,2,2,/,1,2,/,1,1, ,0,9,:,0,0,:,2,5,"
"
0,0,0,0
3,1,0,0
0,0,0,0
0,0,0,0
(,2,0,2,2,/,1,2,/,1,1, ,0,9,:,0,0,:,2,5,"
"
0,0,0,0
3,1,0,0
0,0,0,0
0,0,0,0
2,0,2,2,/,1,2,/,1,1, ,0,9,:,0,0,:,2,5,"
"
0,0,0,0
3,1,0,0
0,0,0,0
0,0,0,0
2,0,2,2,/,1,2,/,1,1, ,0,9,:,0,0,:,2,5,"
"
0,0,0,0
3,1,0,0
0,0,0,0
0,0,0,0
(,2,0,2,2,/,1,2,/,1,1, ,0,9,:,0,0,:,2,6,"
"
0,0,0,0
3,1,0,0
0,0,0,0
0,0,0,0
(,2,0,2,2,/,1,2,/,1,1, ,0,9,:,0,0,:,2,6,"
"
0,0,0,0
3,1,0,0
0,0,0,0
0,0,0,0
(,2,0,2,2,/,1,2,/,1,1, ,0,9,:,0,0,:,2,6,"
"
0,0,0,0
3,1,0,0
0,0,0,0
0,0,0,0
(,2,0,2,2,/,1,2,/,1,1, ,0,9,:,0,0,:,2,6,"
"
0,0,0,0
3,1,0,0
0,0,0,0
0,0,0,0
(,2,0,2,2,/,1,2,/,1,1, ,0,9,:,0,0,:,2,6,"
"
0,0,0,0
3,1,0,0
0,0,0,0
0,0,0,0
(,2,0,2,2,/,1,2,/,1,1, ,0,9,:,0,0,:,2,6,"
"
0,0,0,0
3,1,0,0
0,0,0,0
0,0,0,0
2,0,2,2,/,1,2,/,1,1, ,0,9,:,0,0,:,2,6,"
"
0,0,0,0
3,1,0,0
0,0,0,0
0,0,0,0
(,2,0,2,2,/,1,2,/,1,1, ,0,9,:,0,0,:,2,6,"
"
0,0,0,0
3,1,0,0
0,0,0,0
0,0,0,0
(,2,0,2,2,/,1,2,/,1,1, ,0,9,:,0,0,:,2,6,"
"
0,0,0,0
3,1,0,0
0,0,0,0
0,0,0,0
(,2,0,2,2,/,1,2,/,1,1, ,0,9,:,0,0,:,2,6,"
"
0,0,0,0
3,1,0,0
0,0,0,0
0,0,0,0
(,2,0,2,2,/,1,2,/,1,1, ,0,9,:,0,0,:,2,6,"
"
0,0,0,0
3,1,0,0
0,0,0,0
0,0,0,0
(,2,0,2,2,/,1,2,/,1,1, ,0,9,:,0,0,:,2,6,"
"
0,0,0,0
3,1,0,0
0,0,0,0
0,0,0,0
(,2,0,2,2,/,1,2,/,1,1, ,0,9,:,0,0,:,2,6,"
"
0,0,0,0
3,1,0,0
0,0,0,0
0,0,0,0
(,2,0,2,2,/,1,2,/,1,1, ,0,9,:,0,0,:,2,6,"
"
0,0,0,0
3,1,0,0
0,0,0,0
0,0,0,0
(,2,0,2,2,/,1,2,/,1,1, ,0,9,:,0,0,:,2,6,"
"
0,0,0,0
3,1,0,0
0,0,0,0
0,0,0,0
(,2,0,2,2,/,1,2,/,1,1, ,0,9,:,0,0,:,2,6,"
"
0,0,0,0
3,1,0,0
0,0,0,0
0,0,0,0
(,2,0,2,2,/,1,2,/,1,1, ,0,9,:,0,0,:,2,6,"
"
0,0,0,0
3,1,0,0
0,0,0,0
0,0,0,0
(,2,0,2,2,/,1,2,/,1,1, ,0,9,:,0,0,:,2,6,"
"
0,0,0,0
3,1,0,0
0,0,0,0
0,0,0,0
(,2,0,2,2,/,1,2,/,1,1, ,0,9,:,0,0,:,2,6,"
"
0,0,0,0
3,1,0,0
0,0,0,0
0,0,0,0
(,2,0,2,2,/,1,2,/,1,1, ,0,9,:,0,0,:,2,6,"
"
0,0,0,0
3,1,0,0
0,0,0,0
0,0,0,0
(,2,0,2,2,/,1,2,/,1,1, ,0,9,:,0,0,:,2,6,"
"
0,0,0,0
3,1,0,0
0,0,0,0
0,0,0,0
(,2,0,2,2,/,1,2,/,1,1, ,0,9,:,0,0,:,2,6,"
"
0,0,0,0
3,1,0,0
0,0,0,0
0,0,0,0
(,2,0,2,2,/,1,2,/,1,1, ,0,9,:,0,0,:,2,6,"
"
0,0,0,0
3,1,0,0
0,0,0,0
0,0,0,0
(,2,0,2,2,/,1,2,/,1,1, ,0,9,:,0,0,:,2,6,"
"
0,0,0,0
3,1,0,0
0,0,0,0
0,0,0,0
(,2,0,2,2,/,1,2,/,1,1, ,0,9,:,0,0,:,2,6,"
"
0,0,0,0
3,1,0,0
0,0,0,0
0,0,0,0
(,2,0,2,2,/,1,2,/,1,1, ,0,9,:,0,0,:,2,7,"
"
0,0,0,0
3,1,0,0
0,0,0,0
0,0,0,0
(,2,0,2,2,/,1,2,/,1,1, ,0,9,:,0,0,:,2,7,"
"
0,0,0,0
3,1,0,0
0,0,0,0
0,0,0,0
(,2,0,2,2,/,1,2,/,1,1, ,0,9,:,0,0,:,2,7,"
"
0,0,0,0
3,1,0,0
0,0,0,0
0,0,0,0
(,2,0,2,2,/,1,2,/,1,1, ,0,9,:,0,0,:,2,7,"
"
0,0,0,0
3,1,0,0
0,0,0,0
0,0,0,0
(,2,0,2,2,/,1,2,/,1,1, ,0,9,:,0,0,:,2,7,"
"
0,0,0,0
3,1,0,0
0,0,0,0
0,0,0,0
(,2,0,2,2,/,1,2,/,1,1, ,0,9,:,0,0,:,2,7,"
"
0,0,0,0
3,1,0,0
0,0,0,0
0,0,0,0
(,2,0,2,2,/,1,2,/,1,1, ,0,9,:,0,0,:,2,7,"
"
0,0,0,0
3,1,0,0
0,0,0,0
0,0,0,0
(,2,0,2,2,/,1,2,/,1,1, ,0,9,:,0,0,:,2,7,"
"
0,0,0,0
3,1,0,0
0,0,0,0
0,0,0,0
(,2,0,2,2,/,1,2,/,1,1, ,0,9,:,0,0,:,2,7,"
"
0,0,0,0
3,1,0,0
0,0,0,0
0,0,0,0
(,2,0,2,2,/,1,2,/,1,1, ,0,9,:,0,0,:,2,7,"
"
0,0,0,0
3,1,0,0
0,0,0,0
0,0,0,0
(,2,0,2,2,/,1,2,/,1,1, ,0,9,:,0,0,:,2,7,"
"
0,0,0,0
3,1,0,0
0,0,0,0
0,0,0,0
(,2,0,2,2,/,1,2,/,1,1, ,0,9,:,0,0,:,2,7,"
"
0,0,0,0
3,1,0,0
0,0,0,0
0,0,0,0
(,2,0,2,2,/,1,2,/,1,1, ,0,9,:,0,0,:,2,7,"
"
0,0,0,0
3,1,0,0
0,0,0,0
0,0,0,0
(,2,0,2,2,/,1,2,/,1,1, ,0,9,:,0,0,:,2,7,"
"
0,0,0,0
3,1,0,0
1,0,0,0
0,0,0,0
(,2,0,2,2,/,1,2,/,1,1, ,0,9,:,0,0,:,2,7,"
"
0,0,0,0
3,1,0,0
1,0,0,0
0,0,0,0
(,2,0,2,2,/,1,2,/,1,1, ,0,9,:,0,0,:,2,7,"
"
0,0,0,0
3,1,0,0
1,0,0,0
0,0,0,0
(,2,0,2,2,/,1,2,/,1,1, ,0,9,:,0,0,:,2,7,"
"
0,0,0,0
3,1,0,0
1,0,0,0
0,0,0,0
(,2,0,2,2,/,1,2,/,1,1, ,0,9,:,0,0,:,2,7,"
"
0,0,0,0
3,1,0,0
1,0,0,0
0,0,0,0
(,2,0,2,2,/,1,2,/,1,1, ,0,9,:,0,0,:,2,7,"
"
0,0,0,0
3,1,0,0
1,0,0,0
0,0,0,0
(,2,0,2,2,/,1,2,/,1,1, ,0,9,:,0,0,:,2,7,"
"
0,0,0,0
3,1,0,0
1,0,0,0
0,0,0,0
(,2,0,2,2,/,1,2,/,1,1, ,0,9,:,0,0,:,2,7,"
"
0,0,0,0
3,1,0,0
1,0,0,0
0,0,0,0
(,2,0,2,2,/,1,2,/,1,1, ,0,9,:,0,0,:,2,7,"
"
0,0,0,0
3,1,0,0
1,0,0,0
0,0,0,0
(,2,0,2,2,/,1,2,/,1,1, ,0,9,:,0,0,:,2,7,"
"
0,0,0,0
3,1,0,0
1,0,0,0
0,0,0,0
(,2,0,2,2,/,1,2,/,1,1, ,0,9,:,0,0,:,2,7,"
"
0,0,0,0
3,1,0,0
1,0,0,0
0,0,0,0
(,2,0,2,2,/,1,2,/,1,1, ,0,9,:,0,0,:,2,7,"
"
0,0,0,0
3,1,0,0
1,0,0,0
0,0,0,0
(,2,0,2,2,/,1,2,/,1,1, ,0,9,:,0,0,:,2,8,"
"
0,0,0,0
3,1,0,0
1,0,0,0
0,0,0,0
(,2,0,2,2,/,1,2,/,1,1, ,0,9,:,0,0,:,2,8,"
"
0,0,0,0
3,1,0,0
1,0,0,0
0,0,0,0
(,2,0,2,2,/,1,2,/,1,1, ,0,9,:,0,0,:,2,8,"
"
0,0,0,0
3,1,0,0
1,0,0,0
0,0,0,0
(,2,0,2,2,/,1,2,/,1,1, ,0,9,:,0,0,:,2,8,"
"
0,0,0,0
3,1,0,0
1,0,0,0
0,0,0,0
(,2,0,2,2,/,1,2,/,1,1, ,0,9,:,0,0,:,2,8,"
"
0,0,0,0
3,1,0,0
1,0,0,0
0,0,0,0
(,2,0,2,2,/,1,2,/,1,1, ,0,9,:,0,0,:,2,8,"
"
0,0,0,0
3,1,0,0
1,0,0,0
0,0,0,0
(,2,0,2,2,/,1,2,/,1,1, ,0,9,:,0,0,:,2,8,"
"
0,0,0,0
3,1,0,0
1,0,0,0
0,0,0,0
(,2,0,2,2,/,1,2,/,1,1, ,0,9,:,0,0,:,2,8,"
"
0,0,0,0
3,1,0,0
1,0,0,0
0,0,0,0
(,2,0,2,2,/,1,2,/,1,1, ,0,9,:,0,0,:,2,8,"
"
0,0,0,0
3,1,0,0
1,1,0,0
0,0,0,0
(,2,0,2,2,/,1,2,/,1,1, ,0,9,:,0,0,:,2,8,"
"
0,0,0,0
3,1,0,0
1,1,0,0
0,0,0,0
(,2,0,2,2,/,1,2,/,1,1, ,0,9,:,0,0,:,2,8,"
"
0,0,0,0
3,1,0,0
1,1,0,0
0,0,0,0
2,0,2,2,/,1,2,/,1,1, ,0,9,:,0,0,:,2,8,"
"
0,0,0,0
3,1,0,0
1,1,0,0
0,0,0,0
2,0,2,2,/,1,2,/,1,1, ,0,9,:,0,0,:,2,8,"
"
0,0,0,0
3,1,0,0
1,1,0,0
0,0,0,0
2,0,2,2,/,1,2,/,1,1, ,0,9,:,0,0,:,2,8,"
"
0,0,0,0
3,1,0,0
1,1,0,0
0,0,0,0
2,0,2,2,/,1,2,/,1,1, ,0,9,:,0,0,:,2,8,"
"
0,0,0,0
3,1,0,0
1,1,0,0
0,0,0,0
2,0,2,2,/,1,2,/,1,1, ,0,9,:,0,0,:,2,8,"
"
0,0,0,0
3,1,0,0
1,1,0,0
0,0,0,0
2,0,2,2,/,1,2,/,1,1, ,0,9,:,0,0,:,2,8,"
"
0,0,0,0
3,1,0,0
1,1,0,0
0,0,0,0
2,0,2,2,/,1,2,/,1,1, ,0,9,:,0,0,:,2,8,"
"
0,0,0,0
3,1,0,0
1,1,0,0
0,0,0,0
2,0,2,2,/,1,2,/,1,1, ,0,9,:,0,0,:,2,8,"
"
0,0,0,0
3,1,0,0
1,1,0,0
0,0,0,0
(,2,0,2,2,/,1,2,/,1,1, ,0,9,:,0,0,:,2,8,"
"
0,0,0,0
3,1,0,0
1,1,0,0
0,0,0,0
(,2,0,2,2,/,1,2,/,1,1, ,0,9,:,0,0,:,2,8,"
"
0,0,0,0
3,1,0,0
1,1,0,0
0,0,0,0
(,2,0,2,2,/,1,2,/,1,1, ,0,9,:,0,0,:,2,8,"
"
0,0,0,0
3,1,0,0
1,1,0,0
0,0,0,0
(,2,0,2,2,/,1,2,/,1,1, ,0,9,:,0,0,:,2,8,"
"
0,0,0,0
3,1,0,0
1,1,0,0
0,0,0,0
(,2,0,2,2,/,1,2,/,1,1, ,0,9,:,0,0,:,2,8,"
"
0,0,0,0
3,1,0,0
1,1,0,0
0,0,0,0
(,2,0,2,2,/,1,2,/,1,1, ,0,9,:,0,0,:,2,8,"
"
0,0,0,0
3,1,0,0
1,1,0,0
0,0,0,0
(,2,0,2,2,/,1,2,/,1,1, ,0,9,:,0,0,:,2,9,"
"
0,0,0,0
3,1,0,0
1,1,0,0
0,0,0,0
2,0,2,2,/,1,2,/,1,1, ,0,9,:,0,0,:,2,9,"
"
0,0,0,0
3,1,0,0
1,1,0,0
0,0,0,0
(,2,0,2,2,/,1,2,/,1,1, ,0,9,:,0,0,:,2,9,"
"
0,0,0,0
3,1,0,0
1,1,0,0
0,0,0,0
(,2,0,2,2,/,1,2,/,1,1, ,0,9,:,0,0,:,2,9,"
"
0,0,0,0
3,1,0,0
1,1,0,0
0,0,0,0
(,2,0,2,2,/,1,2,/,¥,1, ,0,9,:,0,0,:,2,9,"
"
0,0,0,0
3,1,0,0
1,1,0,0
0,0,0,0
(,2,0,2,2,/,1,2,/,1,1, ,0,9,:,0,0,:,2,9,"
"
0,0,0,0
3,1,0,0
1,1,0,0
0,0,0,0
(,2,0,2,2,/,1,2,/,1,1, ,0,9,:,0,0,:,2,9,"
"
0,0,0,0
3,1,0,0
1,1,0,0
0,0,0,0
(,2,0,2,2,/,1,2,/,4,T, ,0,9,:,0,0,:,2,9,"
"
0,0,0,0
3,1,0,0
1,1,0,0
0,0,0,0
(,2,0,2,2,/,1,2,/,4,f, ,0,9,:,0,0,:,2,9,"
"
0,0,0,0
3,1,0,0
1,1,0,0
0,0,0,0
(,2,0,2,2,/,1,2,/,1,1, ,0,9,:,0,0,:,2,9,"
"
0,0,0,0
3,1,0,0
1,1,0,0
0,0,0,0
2,0,2,2,/,1,2,2,1, ,0,9,:,0,0,:,2,9,"
"
0,0,0,0
3,1,0,0
1,1,0,0
0,0,0,0
2,0,2,2,/,1, ,2,A,T,4, ,0,9,:,0,0,:,2,9,"
"
0,0,0,0
3,1,0,0
1,1,0,0
0,0,0,0
(,2,0,2,2,/,1, ,F,F, ,t,l, ,0,9,:,0,0,:,2,9,"
"
0,0,0,0
3,1,0,0
1,1,0,0
0,0,0,0
2,0,2,2,/,1,8,F, ,e,l, ,0,9,:,0,0,:,2,9,"
"
0,0,0,0
3,1,0,0
1,1,0,0
0,0,0,0
